start_s,end_s,midi_or_hz,confidence
0.325,0.425,80.52,0.01
0.348,0.448,80.99,0.01
0.372,0.472,82.88,0.01
0.395,0.495,79.6,0.01
0.418,0.518,79.6,0.01
0.441,0.541,83.36,0.01
0.464,0.564,82.88,0.01
0.488,0.588,82.41,0.01
0.511,0.611,82.41,0.01
0.534,0.634,80.99,0.01
0.557,0.657,75.57,0.01
0.58,0.68,82.41,0.01
0.604,0.704,74.7,0.01
0.627,0.727,73.84,0.01
0.65,0.75,65.41,0.01
0.673,0.773,71.74,0.01
0.697,0.797,70.92,0.01
0.72,0.82,70.92,0.01
0.743,0.843,70.92,0.01
0.766,0.866,71.74,0.01
0.789,0.889,70.92,0.01
0.813,0.913,70.92,0.01
0.836,0.936,65.79,0.01
0.859,0.959,71.33,0.01
0.882,0.982,66.17,0.01
0.906,1.006,65.79,0.01
0.929,1.029,70.92,0.01
0.952,1.052,70.92,0.01
0.975,1.075,70.92,0.01
0.998,1.098,72.99,0.01
1.022,1.122,75.57,0.01
1.045,1.145,72.99,0.01
1.068,1.168,76.01,0.01
1.091,1.191,82.88,0.01
1.115,1.215,82.88,0.01
1.138,1.238,74.27,0.01
1.161,1.261,76.89,0.01
1.44,1.54,65.41,0.01
1.463,1.563,65.41,0.01
1.486,1.586,65.41,0.01
1.509,1.609,65.41,0.01
1.533,1.633,65.41,0.01
1.556,1.656,65.41,0.01
1.579,1.679,65.41,0.01
1.602,1.702,65.41,0.01
1.625,1.725,65.41,0.01
1.649,1.749,65.41,0.01
1.672,1.772,65.41,0.01
1.695,1.795,65.41,0.01
1.718,1.818,65.41,0.01
1.741,1.841,65.41,0.01
1.765,1.865,65.41,0.01
1.788,1.888,65.41,0.01
1.904,2.004,65.41,0.01
1.927,2.027,65.41,0.01
1.95,2.05,65.41,0.01
1.974,2.074,65.41,0.01
1.997,2.097,65.41,0.01
2.02,2.12,65.41,0.01
2.043,2.143,65.41,0.01
2.067,2.167,65.41,0.01
2.09,2.19,65.41,0.01
2.113,2.213,65.41,0.01
2.136,2.236,65.41,0.01
2.159,2.259,65.41,0.01
2.183,2.283,65.41,0.01
2.206,2.306,65.41,0.01
2.531,2.631,65.41,0.01
2.554,2.654,65.41,0.01
2.577,2.677,65.41,0.01
2.601,2.701,65.41,0.01
2.624,2.724,65.41,0.01
2.647,2.747,65.41,0.01
2.67,2.77,65.41,0.01
2.694,2.794,65.41,0.01
2.717,2.817,65.41,0.01
2.74,2.84,65.41,0.01
2.763,2.863,65.41,0.01
2.786,2.886,65.79,0.01
2.81,2.91,65.41,0.01
2.833,2.933,65.41,0.01
2.856,2.956,65.41,0.01
2.879,2.979,65.41,0.01
2.902,3.002,65.41,0.01
2.926,3.026,65.41,0.01
2.949,3.049,65.41,0.01
2.972,3.072,65.41,0.01
2.995,3.095,65.41,0.01
3.019,3.119,65.41,0.01
3.251,3.351,225.14,0.06
3.274,3.374,225.14,0.24
3.297,3.397,225.14,0.37
3.32,3.42,225.14,0.48
3.344,3.444,225.14,0.62
3.367,3.467,225.14,0.69
3.39,3.49,225.14,0.83
3.413,3.513,225.14,0.89
3.437,3.537,225.14,0.89
3.46,3.56,225.14,0.95
3.483,3.583,225.14,0.95
3.506,3.606,225.14,0.95
3.529,3.629,225.14,0.95
3.553,3.653,225.14,0.89
3.576,3.676,225.14,0.89
3.599,3.699,225.14,0.89
3.622,3.722,225.14,0.89
3.646,3.746,225.14,0.89
3.669,3.769,225.14,0.89
3.692,3.792,225.14,0.89
3.715,3.815,225.14,0.83
3.738,3.838,225.14,0.83
3.762,3.862,225.14,0.55
3.785,3.885,225.14,0.48
3.808,3.908,225.14,0.37
3.831,3.931,225.14,0.43
3.855,3.955,225.14,0.37
3.878,3.978,225.14,0.28
3.901,4.001,226.45,0.32
3.924,4.024,226.45,0.37
3.947,4.047,225.14,0.62
3.971,4.071,225.14,0.69
3.994,4.094,225.14,0.76
4.017,4.117,225.14,0.83
4.04,4.14,223.85,0.83
4.063,4.163,223.85,0.89
4.087,4.187,223.85,0.89
4.11,4.21,223.85,0.89
4.133,4.233,223.85,0.89
4.156,4.256,222.56,0.89
4.18,4.28,222.56,0.89
4.203,4.303,222.56,0.89
4.226,4.326,222.56,0.95
4.249,4.349,222.56,0.98
4.272,4.372,222.56,0.98
4.296,4.396,222.56,0.95
4.319,4.419,222.56,0.89
4.342,4.442,223.85,0.89
4.365,4.465,223.85,0.89
4.389,4.489,225.14,0.76
4.412,4.512,225.14,0.69
4.435,4.535,226.45,0.18
4.458,4.558,244.11,0.04
4.481,4.581,263.14,0.07
4.505,4.605,264.67,0.18
4.528,4.628,264.67,0.37
4.551,4.651,264.67,0.55
4.574,4.674,264.67,0.62
4.598,4.698,264.67,0.76
4.621,4.721,264.67,0.83
4.644,4.744,264.67,0.89
4.667,4.767,264.67,0.89
4.69,4.79,264.67,0.89
4.714,4.814,264.67,0.95
4.737,4.837,264.67,0.89
4.76,4.86,264.67,0.89
4.783,4.883,264.67,0.89
4.807,4.907,266.2,0.83
4.83,4.93,266.2,0.89
4.853,4.953,266.2,0.83
4.876,4.976,266.2,0.83
4.899,4.999,266.2,0.83
4.923,5.023,264.67,0.83
4.946,5.046,264.67,0.89
4.969,5.069,264.67,0.89
4.992,5.092,264.67,0.89
5.016,5.116,264.67,0.89
5.039,5.139,264.67,0.89
5.062,5.162,264.67,0.83
5.085,5.185,264.67,0.89
5.108,5.208,264.67,0.89
5.132,5.232,264.67,0.89
5.155,5.255,264.67,0.89
5.178,5.278,264.67,0.83
5.201,5.301,264.67,0.83
5.224,5.324,264.67,0.83
5.248,5.348,264.67,0.83
5.271,5.371,264.67,0.83
5.294,5.394,264.67,0.83
5.317,5.417,264.67,0.83
5.341,5.441,264.67,0.83
5.364,5.464,264.67,0.83
5.387,5.487,264.67,0.83
5.41,5.51,264.67,0.76
5.433,5.533,264.67,0.76
5.457,5.557,264.67,0.83
5.48,5.58,264.67,0.83
5.503,5.603,264.67,0.76
5.526,5.626,264.67,0.76
5.55,5.65,264.67,0.76
5.573,5.673,264.67,0.76
5.596,5.696,264.67,0.76
5.619,5.719,264.67,0.76
5.642,5.742,264.67,0.69
5.666,5.766,264.67,0.69
5.689,5.789,264.67,0.55
5.712,5.812,264.67,0.24
5.735,5.835,264.67,0.02
5.759,5.859,266.2,0.15
5.782,5.882,266.2,0.24
5.805,5.905,266.2,0.37
5.828,5.928,266.2,0.43
5.851,5.951,266.2,0.55
5.875,5.975,266.2,0.62
5.898,5.998,266.2,0.76
5.921,6.021,266.2,0.83
5.944,6.044,266.2,0.89
5.968,6.068,266.2,0.89
5.991,6.091,266.2,0.89
6.014,6.114,266.2,0.89
6.037,6.137,266.2,0.89
6.06,6.16,266.2,0.95
6.084,6.184,266.2,0.89
6.107,6.207,266.2,0.89
6.13,6.23,266.2,0.89
6.153,6.253,266.2,0.89
6.177,6.277,266.2,0.89
6.2,6.3,266.2,0.89
6.223,6.323,266.2,0.89
6.246,6.346,266.2,0.89
6.269,6.369,266.2,0.89
6.293,6.393,266.2,0.89
6.316,6.416,266.2,0.89
6.339,6.439,266.2,0.89
6.362,6.462,266.2,0.89
6.385,6.485,266.2,0.89
6.409,6.509,266.2,0.89
6.432,6.532,266.2,0.89
6.455,6.555,266.2,0.89
6.478,6.578,266.2,0.89
6.502,6.602,266.2,0.89
6.525,6.625,266.2,0.83
6.548,6.648,266.2,0.89
6.571,6.671,266.2,0.83
6.594,6.694,266.2,0.83
6.618,6.718,264.67,0.76
6.641,6.741,264.67,0.76
6.664,6.764,264.67,0.76
6.687,6.787,264.67,0.83
6.711,6.811,264.67,0.83
6.734,6.834,264.67,0.83
6.757,6.857,264.67,0.83
6.78,6.88,264.67,0.83
6.803,6.903,264.67,0.83
6.827,6.927,264.67,0.83
6.85,6.95,264.67,0.89
6.873,6.973,264.67,0.83
6.896,6.996,264.67,0.83
6.92,7.02,264.67,0.83
6.943,7.043,264.67,0.76
6.966,7.066,264.67,0.69
6.989,7.089,263.14,0.76
7.012,7.112,263.14,0.76
7.036,7.136,263.14,0.69
7.059,7.159,263.14,0.69
7.082,7.182,263.14,0.55
7.105,7.205,263.14,0.32
7.129,7.229,263.14,0.03
7.152,7.252,264.67,0.01
7.175,7.275,264.67,0.01
7.198,7.298,297.08,0.01
7.221,7.321,297.08,0.01
7.245,7.345,297.08,0.02
7.268,7.368,297.08,0.02
7.291,7.391,297.08,0.02
7.314,7.414,297.08,0.05
7.338,7.438,297.08,0.05
7.361,7.461,297.08,0.03
7.384,7.484,297.08,0.03
7.407,7.507,297.08,0.03
7.43,7.53,295.37,0.06
7.454,7.554,295.37,0.11
7.477,7.577,293.66,0.11
7.5,7.6,293.66,0.07
7.523,7.623,291.97,0.08
7.546,7.646,290.29,0.08
7.57,7.67,288.62,0.08
7.593,7.693,288.62,0.04
7.616,7.716,285.3,0.02
7.639,7.739,277.18,0.02
7.663,7.763,272.42,0.02
7.686,7.786,275.59,0.01
7.709,7.809,275.59,0.01
7.732,7.832,277.18,0.01
7.755,7.855,278.79,0.01
7.779,7.879,266.2,0.01
7.802,7.902,264.67,0.03
7.825,7.925,266.2,0.09
7.848,7.948,266.2,0.21
7.872,7.972,267.74,0.28
7.895,7.995,267.74,0.43
7.918,8.018,267.74,0.43
7.941,8.041,267.74,0.55
7.964,8.064,267.74,0.69
7.988,8.088,267.74,0.76
8.011,8.111,267.74,0.69
8.034,8.134,266.2,0.69
8.057,8.157,266.2,0.69
8.081,8.181,266.2,0.76
8.104,8.204,264.67,0.76
8.127,8.227,264.67,0.83
8.15,8.25,264.67,0.69
8.173,8.273,264.67,0.69
8.197,8.297,264.67,0.62
8.22,8.32,264.67,0.37
8.243,8.343,264.67,0.24
8.266,8.366,266.2,0.09
8.29,8.39,267.74,0.03
8.313,8.413,270.85,0.01
8.336,8.436,274.0,0.01
8.382,8.482,349.23,0.01
8.406,8.506,351.25,0.01
8.429,8.529,353.29,0.01
8.452,8.552,353.29,0.04
8.475,8.575,353.29,0.15
8.499,8.599,353.29,0.24
8.522,8.622,353.29,0.43
8.545,8.645,353.29,0.55
8.568,8.668,351.25,0.76
8.591,8.691,351.25,0.83
8.615,8.715,351.25,0.83
8.638,8.738,351.25,0.89
8.661,8.761,351.25,0.89
8.684,8.784,351.25,0.89
8.707,8.807,351.25,0.89
8.731,8.831,351.25,0.89
8.754,8.854,351.25,0.89
8.777,8.877,351.25,0.89
8.8,8.9,351.25,0.89
8.824,8.924,353.29,0.89
8.847,8.947,353.29,0.89
8.87,8.97,353.29,0.83
8.893,8.993,353.29,0.83
8.916,9.016,353.29,0.83
8.94,9.04,353.29,0.83
8.963,9.063,353.29,0.83
8.986,9.086,353.29,0.89
9.009,9.109,353.29,0.83
9.033,9.133,355.33,0.83
9.056,9.156,355.33,0.76
9.079,9.179,355.33,0.76
9.102,9.202,355.33,0.76
9.125,9.225,355.33,0.69
9.149,9.249,355.33,0.62
9.172,9.272,355.33,0.62
9.195,9.295,355.33,0.62
9.218,9.318,355.33,0.62
9.242,9.342,355.33,0.69
9.265,9.365,355.33,0.76
9.288,9.388,355.33,0.76
9.311,9.411,355.33,0.76
9.334,9.434,355.33,0.76
9.358,9.458,355.33,0.76
9.381,9.481,355.33,0.76
9.404,9.504,355.33,0.76
9.427,9.527,355.33,0.76
9.451,9.551,355.33,0.69
9.474,9.574,355.33,0.69
9.497,9.597,355.33,0.69
9.52,9.62,355.33,0.69
9.543,9.643,355.33,0.76
9.567,9.667,355.33,0.69
9.59,9.69,355.33,0.69
9.613,9.713,355.33,0.48
9.636,9.736,355.33,0.48
9.66,9.76,355.33,0.28
9.683,9.783,355.33,0.07
9.706,9.806,355.33,0.06
9.729,9.829,355.33,0.09
9.752,9.852,355.33,0.18
9.776,9.876,355.33,0.37
9.799,9.899,355.33,0.48
9.822,9.922,355.33,0.62
9.845,9.945,355.33,0.69
9.868,9.968,355.33,0.83
9.892,9.992,355.33,0.89
9.915,10.015,355.33,0.89
9.938,10.038,355.33,0.89
9.961,10.061,355.33,0.89
9.985,10.085,355.33,0.89
10.008,10.108,355.33,0.89
10.031,10.131,355.33,0.89
10.054,10.154,355.33,0.89
10.077,10.177,355.33,0.83
10.101,10.201,355.33,0.89
10.124,10.224,355.33,0.89
10.147,10.247,355.33,0.89
10.17,10.27,355.33,0.83
10.194,10.294,355.33,0.83
10.217,10.317,355.33,0.83
10.24,10.34,355.33,0.76
10.263,10.363,355.33,0.83
10.286,10.386,355.33,0.76
10.31,10.41,355.33,0.83
10.333,10.433,355.33,0.83
10.356,10.456,355.33,0.89
10.379,10.479,355.33,0.89
10.403,10.503,355.33,0.89
10.426,10.526,355.33,0.89
10.449,10.549,355.33,0.83
10.472,10.572,355.33,0.83
10.495,10.595,355.33,0.76
10.519,10.619,355.33,0.76
10.542,10.642,355.33,0.69
10.565,10.665,355.33,0.69
10.588,10.688,355.33,0.69
10.612,10.712,355.33,0.69
10.635,10.735,355.33,0.69
10.658,10.758,355.33,0.62
10.681,10.781,355.33,0.62
10.704,10.804,355.33,0.62
10.728,10.828,355.33,0.62
10.751,10.851,355.33,0.62
10.774,10.874,355.33,0.55
10.797,10.897,355.33,0.55
10.82,10.92,355.33,0.48
10.844,10.944,355.33,0.55
10.867,10.967,355.33,0.43
10.89,10.99,355.33,0.43
10.913,11.013,355.33,0.43
10.937,11.037,355.33,0.43
10.96,11.06,355.33,0.43
10.983,11.083,355.33,0.37
11.006,11.106,355.33,0.32
11.029,11.129,355.33,0.24
11.053,11.153,355.33,0.02
11.076,11.176,355.33,0.03
11.099,11.199,355.33,0.08
11.122,11.222,355.33,0.21
11.146,11.246,355.33,0.32
11.169,11.269,355.33,0.43
11.192,11.292,355.33,0.48
11.215,11.315,355.33,0.55
11.238,11.338,355.33,0.69
11.262,11.362,355.33,0.83
11.285,11.385,355.33,0.83
11.308,11.408,355.33,0.83
11.331,11.431,355.33,0.83
11.355,11.455,355.33,0.83
11.378,11.478,355.33,0.83
11.401,11.501,355.33,0.83
11.424,11.524,355.33,0.83
11.447,11.547,355.33,0.83
11.471,11.571,355.33,0.83
11.494,11.594,355.33,0.89
11.517,11.617,355.33,0.89
11.54,11.64,355.33,0.89
11.564,11.664,355.33,0.89
11.587,11.687,355.33,0.89
11.61,11.71,355.33,0.83
11.633,11.733,355.33,0.83
11.656,11.756,355.33,0.76
11.68,11.78,355.33,0.69
11.703,11.803,355.33,0.62
11.726,11.826,355.33,0.43
11.749,11.849,355.33,0.15
11.773,11.873,355.33,0.11
11.796,11.896,357.39,0.13
11.819,11.919,357.39,0.21
11.842,11.942,357.39,0.37
11.865,11.965,357.39,0.43
11.889,11.989,357.39,0.48
11.912,12.012,357.39,0.55
11.935,12.035,357.39,0.69
11.958,12.058,357.39,0.76
11.981,12.081,357.39,0.83
12.005,12.105,357.39,0.83
12.028,12.128,357.39,0.83
12.051,12.151,357.39,0.83
12.074,12.174,357.39,0.89
12.098,12.198,357.39,0.89
12.121,12.221,357.39,0.89
12.144,12.244,355.33,0.89
12.167,12.267,355.33,0.89
12.19,12.29,355.33,0.89
12.214,12.314,355.33,0.89
12.237,12.337,353.29,0.83
12.26,12.36,353.29,0.76
12.283,12.383,353.29,0.69
12.307,12.407,351.25,0.62
12.33,12.43,351.25,0.48
12.353,12.453,351.25,0.32
12.376,12.476,351.25,0.08
12.399,12.499,347.22,0.01
12.423,12.523,343.23,0.01
12.446,12.546,297.08,0.01
12.469,12.569,295.37,0.01
12.492,12.592,295.37,0.01
12.516,12.616,295.37,0.01
12.539,12.639,295.37,0.02
12.562,12.662,297.08,0.02
12.585,12.685,297.08,0.03
12.608,12.708,297.08,0.03
12.632,12.732,297.08,0.03
12.655,12.755,297.08,0.03
12.678,12.778,297.08,0.03
12.701,12.801,297.08,0.05
12.725,12.825,297.08,0.05
12.748,12.848,295.37,0.03
12.771,12.871,295.37,0.02
12.794,12.894,295.37,0.03
12.817,12.917,295.37,0.03
12.841,12.941,295.37,0.03
12.864,12.964,295.37,0.03
12.887,12.987,295.37,0.04
12.91,13.01,295.37,0.04
12.934,13.034,297.08,0.05
12.957,13.057,297.08,0.06
12.98,13.08,297.08,0.05
13.003,13.103,295.37,0.03
13.026,13.126,295.37,0.03
13.05,13.15,295.37,0.03
13.073,13.173,295.37,0.01
13.096,13.196,295.37,0.02
13.119,13.219,297.08,0.02
13.142,13.242,297.08,0.03
13.166,13.266,297.08,0.06
13.189,13.289,297.08,0.07
13.212,13.312,297.08,0.08
13.235,13.335,297.08,0.09
13.259,13.359,297.08,0.24
13.282,13.382,297.08,0.21
13.305,13.405,297.08,0.24
13.328,13.428,297.08,0.18
13.351,13.451,297.08,0.18
13.375,13.475,297.08,0.18
13.398,13.498,295.37,0.15
13.421,13.521,295.37,0.21
13.444,13.544,295.37,0.18
13.468,13.568,295.37,0.24
13.491,13.591,295.37,0.24
13.514,13.614,295.37,0.32
13.537,13.637,295.37,0.32
13.56,13.66,295.37,0.32
13.584,13.684,295.37,0.28
13.607,13.707,295.37,0.24
13.63,13.73,295.37,0.18
13.653,13.753,295.37,0.18
13.677,13.777,295.37,0.13
13.7,13.8,293.66,0.09
13.723,13.823,291.97,0.06
13.746,13.846,288.62,0.01
13.769,13.869,267.74,0.03
13.793,13.893,266.2,0.07
13.816,13.916,264.67,0.21
13.839,13.939,264.67,0.28
13.862,13.962,264.67,0.37
13.886,13.986,264.67,0.43
13.909,14.009,264.67,0.55
13.932,14.032,264.67,0.76
13.955,14.055,264.67,0.83
13.978,14.078,264.67,0.83
14.002,14.102,264.67,0.83
14.025,14.125,264.67,0.83
14.048,14.148,264.67,0.83
14.071,14.171,264.67,0.83
14.095,14.195,264.67,0.83
14.118,14.218,264.67,0.76
14.141,14.241,264.67,0.69
14.164,14.264,264.67,0.69
14.187,14.287,264.67,0.55
14.211,14.311,266.2,0.55
14.234,14.334,264.67,0.48
14.257,14.357,264.67,0.55
14.28,14.38,264.67,0.62
14.303,14.403,264.67,0.55
14.327,14.427,264.67,0.62
14.35,14.45,264.67,0.69
14.373,14.473,264.67,0.62
14.396,14.496,264.67,0.69
14.42,14.52,264.67,0.55
14.443,14.543,264.67,0.55
14.466,14.566,264.67,0.62
14.489,14.589,264.67,0.48
14.512,14.612,264.67,0.48
14.536,14.636,266.2,0.48
14.559,14.659,266.2,0.48
14.582,14.682,266.2,0.48
14.605,14.705,266.2,0.48
14.629,14.729,266.2,0.48
14.652,14.752,266.2,0.43
14.675,14.775,266.2,0.48
14.698,14.798,266.2,0.48
14.721,14.821,266.2,0.43
14.745,14.845,264.67,0.43
14.768,14.868,266.2,0.43
14.791,14.891,266.2,0.43
14.814,14.914,266.2,0.37
14.838,14.938,266.2,0.37
14.861,14.961,266.2,0.28
14.884,14.984,266.2,0.28
14.907,15.007,264.67,0.32
14.93,15.03,266.2,0.28
14.954,15.054,266.2,0.18
14.977,15.077,264.67,0.11
15.0,15.1,264.67,0.06
15.023,15.123,264.67,0.04
15.047,15.147,266.2,0.01
15.07,15.17,266.2,0.03
15.093,15.193,267.74,0.13
15.116,15.216,267.74,0.24
15.139,15.239,267.74,0.37
15.163,15.263,267.74,0.48
15.186,15.286,267.74,0.55
15.209,15.309,269.29,0.69
15.232,15.332,269.29,0.76
15.256,15.356,269.29,0.83
15.279,15.379,269.29,0.83
15.302,15.402,270.85,0.83
15.325,15.425,270.85,0.83
15.348,15.448,270.85,0.83
15.372,15.472,270.85,0.83
15.395,15.495,270.85,0.83
15.418,15.518,270.85,0.83
15.441,15.541,270.85,0.83
15.464,15.564,270.85,0.83
15.488,15.588,270.85,0.83
15.511,15.611,270.85,0.83
15.534,15.634,270.85,0.83
15.557,15.657,270.85,0.83
15.581,15.681,270.85,0.76
15.604,15.704,270.85,0.83
15.627,15.727,269.29,0.76
15.65,15.75,269.29,0.69
15.673,15.773,269.29,0.62
15.697,15.797,267.74,0.32
15.72,15.82,266.2,0.15
15.743,15.843,266.2,0.24
15.766,15.866,264.67,0.28
15.79,15.89,264.67,0.28
15.813,15.913,264.67,0.37
15.836,15.936,264.67,0.48
15.859,15.959,264.67,0.55
15.882,15.982,264.67,0.76
15.906,16.006,264.67,0.83
15.929,16.029,264.67,0.89
15.952,16.052,264.67,0.83
15.975,16.075,264.67,0.83
15.999,16.099,264.67,0.83
16.022,16.122,264.67,0.76
16.045,16.145,263.14,0.76
16.068,16.168,263.14,0.69
16.091,16.191,261.63,0.55
16.115,16.215,260.12,0.43
16.138,16.238,255.65,0.43
16.161,16.261,252.71,0.48
16.184,16.284,251.26,0.48
16.208,16.308,249.81,0.37
16.231,16.331,246.94,0.28
16.254,16.354,245.52,0.21
16.277,16.377,242.7,0.15
16.3,16.4,239.91,0.05
16.324,16.424,239.91,0.01
16.347,16.447,223.85,0.01
16.37,16.47,223.85,0.03
16.393,16.493,223.85,0.15
16.417,16.517,223.85,0.28
16.44,16.54,223.85,0.37
16.463,16.563,223.85,0.48
16.486,16.586,223.85,0.55
16.509,16.609,223.85,0.76
16.533,16.633,225.14,0.83
16.556,16.656,226.45,0.83
16.579,16.679,227.76,0.89
16.602,16.702,227.76,0.95
16.625,16.725,227.76,0.89
16.649,16.749,227.76,0.83
16.672,16.772,227.76,0.76
16.695,16.795,227.76,0.55
16.718,16.818,227.76,0.37
16.742,16.842,227.76,0.21
16.765,16.865,226.45,0.18
16.788,16.888,225.14,0.24
16.811,16.911,223.85,0.37
16.834,16.934,223.85,0.48
16.858,16.958,223.85,0.62
16.881,16.981,223.85,0.76
16.904,17.004,223.85,0.83
16.927,17.027,223.85,0.83
16.951,17.051,223.85,0.83
16.974,17.074,223.85,0.89
16.997,17.097,223.85,0.89
17.02,17.12,223.85,0.83
17.043,17.143,223.85,0.83
17.067,17.167,223.85,0.83
17.09,17.19,223.85,0.89
17.113,17.213,223.85,0.89
17.136,17.236,223.85,0.89
17.16,17.26,223.85,0.95
17.183,17.283,223.85,0.95
17.206,17.306,223.85,0.95
17.229,17.329,223.85,0.95
17.252,17.352,223.85,0.95
17.276,17.376,223.85,0.89
17.299,17.399,223.85,0.95
17.322,17.422,223.85,0.95
17.345,17.445,222.56,0.95
17.369,17.469,222.56,0.89
17.392,17.492,222.56,0.89
17.415,17.515,222.56,0.95
17.438,17.538,222.56,0.95
17.461,17.561,222.56,0.95
17.485,17.585,222.56,0.95
17.508,17.608,222.56,0.89
17.531,17.631,221.27,0.89
17.554,17.654,221.27,0.83
17.578,17.678,221.27,0.62
17.601,17.701,221.27,0.55
17.624,17.724,221.27,0.32
17.647,17.747,221.27,0.15
17.67,17.77,218.73,0.08
17.694,17.794,220.0,0.04
17.717,17.817,220.0,0.04
17.74,17.84,216.22,0.02
17.763,17.863,200.58,0.01
17.786,17.886,199.42,0.02
17.81,17.91,199.42,0.02
17.833,17.933,200.58,0.03
17.856,17.956,200.58,0.07
17.879,17.979,200.58,0.08
17.903,18.003,200.58,0.06
17.926,18.026,200.58,0.15
17.949,18.049,200.58,0.21
17.972,18.072,200.58,0.18
17.995,18.095,201.74,0.15
18.019,18.119,201.74,0.24
18.042,18.142,201.74,0.28
18.065,18.165,201.74,0.32
18.088,18.188,201.74,0.37
18.112,18.212,201.74,0.37
18.135,18.235,201.74,0.32
18.158,18.258,201.74,0.32
18.181,18.281,201.74,0.37
18.204,18.304,201.74,0.37
18.228,18.328,201.74,0.32
18.251,18.351,201.74,0.28
18.274,18.374,200.58,0.32
18.297,18.397,200.58,0.32
18.321,18.421,200.58,0.32
18.344,18.444,200.58,0.37
18.367,18.467,200.58,0.37
18.39,18.49,200.58,0.37
18.413,18.513,200.58,0.37
18.437,18.537,200.58,0.37
18.46,18.56,200.58,0.37
18.483,18.583,200.58,0.37
18.506,18.606,200.58,0.32
18.53,18.63,200.58,0.28
18.553,18.653,200.58,0.21
18.576,18.676,200.58,0.21
18.599,18.699,200.58,0.21
18.622,18.722,200.58,0.15
18.646,18.746,199.42,0.11
18.669,18.769,199.42,0.06
18.692,18.792,199.42,0.07
18.715,18.815,199.42,0.11
18.739,18.839,198.28,0.13
18.762,18.862,198.28,0.15
18.785,18.885,198.28,0.18
18.808,18.908,198.28,0.15
18.831,18.931,198.28,0.15
18.855,18.955,198.28,0.18
18.878,18.978,198.28,0.15
18.901,19.001,198.28,0.11
18.924,19.024,198.28,0.11
18.947,19.047,198.28,0.09
18.971,19.071,198.28,0.05
18.994,19.094,198.28,0.04
19.017,19.117,198.28,0.04
19.04,19.14,199.42,0.02
19.064,19.164,201.74,0.02
19.087,19.187,218.73,0.04
19.11,19.21,218.73,0.07
19.133,19.233,218.73,0.08
19.156,19.256,222.56,0.02
19.18,19.28,223.85,0.02
19.203,19.303,223.85,0.05
19.226,19.326,223.85,0.21
19.249,19.349,223.85,0.43
19.273,19.373,223.85,0.48
19.296,19.396,223.85,0.62
19.319,19.419,223.85,0.69
19.342,19.442,223.85,0.83
19.365,19.465,223.85,0.89
19.389,19.489,223.85,0.89
19.412,19.512,223.85,0.89
19.435,19.535,223.85,0.89
19.458,19.558,223.85,0.95
19.482,19.582,223.85,0.89
19.505,19.605,223.85,0.89
19.528,19.628,222.56,0.89
19.551,19.651,222.56,0.89
19.574,19.674,222.56,0.89
19.598,19.698,222.56,0.89
19.621,19.721,222.56,0.89
19.644,19.744,222.56,0.95
19.667,19.767,222.56,0.95
19.691,19.791,222.56,0.95
19.714,19.814,222.56,0.89
19.737,19.837,222.56,0.89
19.76,19.86,222.56,0.89
19.783,19.883,222.56,0.83
19.807,19.907,225.14,0.55
19.83,19.93,229.08,0.28
19.853,19.953,237.16,0.09
19.876,19.976,242.7,0.07
19.9,20.0,251.26,0.04
19.923,20.023,255.65,0.07
19.946,20.046,260.12,0.08
19.969,20.069,261.63,0.15
19.992,20.092,263.14,0.18
20.016,20.116,263.14,0.32
20.039,20.139,263.14,0.32
20.062,20.162,263.14,0.48
20.085,20.185,264.67,0.48
20.108,20.208,264.67,0.69
20.132,20.232,264.67,0.69
20.155,20.255,263.14,0.69
20.178,20.278,263.14,0.62
20.201,20.301,263.14,0.69
20.225,20.325,263.14,0.76
20.248,20.348,263.14,0.69
20.271,20.371,263.14,0.69
20.294,20.394,263.14,0.62
20.317,20.417,263.14,0.48
20.341,20.441,263.14,0.48
20.364,20.464,263.14,0.32
20.387,20.487,264.67,0.18
20.41,20.51,264.67,0.13
20.434,20.534,264.67,0.01
20.457,20.557,290.29,0.01
20.48,20.58,293.66,0.01
20.503,20.603,295.37,0.01
20.526,20.626,295.37,0.02
20.55,20.65,295.37,0.02
20.573,20.673,295.37,0.02
20.596,20.696,297.08,0.03
20.619,20.719,297.08,0.06
20.643,20.743,297.08,0.11
20.666,20.766,297.08,0.15
20.689,20.789,297.08,0.13
20.712,20.812,297.08,0.15
20.735,20.835,295.37,0.21
20.759,20.859,295.37,0.21
20.782,20.882,295.37,0.28
20.805,20.905,295.37,0.24
20.828,20.928,295.37,0.18
20.852,20.952,295.37,0.15
20.875,20.975,293.66,0.09
20.898,20.998,295.37,0.05
20.921,21.021,295.37,0.03
20.944,21.044,297.08,0.02
20.968,21.068,298.8,0.01
20.991,21.091,298.8,0.01
21.014,21.114,300.53,0.01
21.037,21.137,302.27,0.01
21.107,21.207,349.23,0.01
21.13,21.23,351.25,0.01
21.153,21.253,353.29,0.03
21.177,21.277,353.29,0.13
21.2,21.3,353.29,0.32
21.223,21.323,353.29,0.55
21.246,21.346,353.29,0.55
21.269,21.369,351.25,0.62
21.293,21.393,351.25,0.76
21.316,21.416,351.25,0.76
21.339,21.439,351.25,0.69
21.362,21.462,351.25,0.43
21.386,21.486,349.23,0.15
21.409,21.509,349.23,0.03
21.432,21.532,347.22,0.01
21.711,21.811,295.37,0.01
21.734,21.834,297.08,0.01
21.757,21.857,297.08,0.01
21.78,21.88,297.08,0.02
21.804,21.904,297.08,0.02
21.827,21.927,298.8,0.03
21.85,21.95,298.8,0.03
21.873,21.973,298.8,0.08
21.896,21.996,298.8,0.15
21.92,22.02,298.8,0.28
21.943,22.043,298.8,0.28
21.966,22.066,298.8,0.24
21.989,22.089,298.8,0.32
22.013,22.113,298.8,0.37
22.036,22.136,298.8,0.48
22.059,22.159,298.8,0.43
22.082,22.182,298.8,0.48
22.105,22.205,298.8,0.48
22.129,22.229,298.8,0.55
22.152,22.252,298.8,0.55
22.175,22.275,298.8,0.55
22.198,22.298,298.8,0.62
22.221,22.321,298.8,0.62
22.245,22.345,298.8,0.55
22.268,22.368,298.8,0.62
22.291,22.391,298.8,0.62
22.314,22.414,298.8,0.62
22.338,22.438,298.8,0.69
22.361,22.461,298.8,0.69
22.384,22.484,298.8,0.69
22.407,22.507,298.8,0.76
22.43,22.53,298.8,0.76
22.454,22.554,298.8,0.76
22.477,22.577,298.8,0.76
22.5,22.6,298.8,0.76
22.523,22.623,298.8,0.82
22.547,22.647,298.8,0.82
22.57,22.67,298.8,0.82
22.593,22.693,298.8,0.82
22.616,22.716,298.8,0.75
22.639,22.739,298.8,0.82
22.663,22.763,298.8,0.82
22.686,22.786,298.8,0.82
22.709,22.809,298.8,0.75
22.732,22.832,298.8,0.75
22.756,22.856,298.8,0.75
22.779,22.879,298.8,0.75
22.802,22.902,298.8,0.75
22.825,22.925,298.8,0.75
22.848,22.948,298.8,0.68
22.872,22.972,298.8,0.55
22.895,22.995,298.8,0.37
22.918,23.018,298.8,0.32
22.941,23.041,298.8,0.18
22.965,23.065,298.8,0.09
22.988,23.088,298.8,0.01
23.011,23.111,298.8,0.02
23.034,23.134,298.8,0.02
23.057,23.157,298.8,0.03
23.081,23.181,298.8,0.08
23.104,23.204,298.8,0.09
23.127,23.227,298.8,0.15
23.15,23.25,298.8,0.21
23.174,23.274,298.8,0.37
23.197,23.297,298.8,0.48
23.22,23.32,298.8,0.55
23.243,23.343,297.08,0.48
23.266,23.366,297.08,0.55
23.29,23.39,297.08,0.62
23.313,23.413,297.08,0.62
23.336,23.436,297.08,0.55
23.359,23.459,297.08,0.48
23.382,23.482,297.08,0.43
23.406,23.506,297.08,0.43
23.429,23.529,297.08,0.43
23.452,23.552,295.37,0.32
23.475,23.575,295.37,0.28
23.499,23.599,293.66,0.24
23.522,23.622,293.66,0.18
23.545,23.645,291.97,0.15
23.568,23.668,291.97,0.02
23.591,23.691,263.14,0.01
23.615,23.715,263.14,0.05
23.638,23.738,263.14,0.18
23.661,23.761,263.14,0.21
23.684,23.784,263.14,0.32
23.708,23.808,263.14,0.37
23.731,23.831,263.14,0.43
23.754,23.854,264.67,0.62
23.777,23.877,264.67,0.62
23.8,23.9,264.67,0.69
23.824,23.924,264.67,0.69
23.847,23.947,264.67,0.83
23.87,23.97,264.67,0.83
23.893,23.993,264.67,0.83
23.917,24.017,264.67,0.83
23.94,24.04,264.67,0.89
23.963,24.063,264.67,0.83
23.986,24.086,264.67,0.89
24.009,24.109,264.67,0.83
24.033,24.133,264.67,0.83
24.056,24.156,264.67,0.83
24.079,24.179,264.67,0.76
24.102,24.202,264.67,0.76
24.126,24.226,263.14,0.62
24.149,24.249,263.14,0.48
24.172,24.272,261.63,0.48
24.195,24.295,260.12,0.43
24.218,24.318,257.13,0.37
24.242,24.342,255.65,0.03
24.265,24.365,238.53,0.02
24.288,24.388,223.85,0.06
24.311,24.411,223.85,0.24
24.335,24.435,222.56,0.37
24.358,24.458,222.56,0.55
24.381,24.481,222.56,0.62
24.404,24.504,222.56,0.76
24.427,24.527,222.56,0.83
24.451,24.551,222.56,0.89
24.474,24.574,222.56,0.89
24.497,24.597,223.85,0.89
24.52,24.62,223.85,0.89
24.543,24.643,223.85,0.95
24.567,24.667,223.85,0.95
24.59,24.69,225.14,0.95
24.613,24.713,225.14,0.95
24.636,24.736,225.14,0.95
24.66,24.76,226.45,0.95
24.683,24.783,226.45,0.95
24.706,24.806,226.45,0.95
24.729,24.829,226.45,0.89
24.752,24.852,226.45,0.83
24.776,24.876,227.76,0.76
24.799,24.899,226.45,0.62
24.822,24.922,226.45,0.55
24.845,24.945,226.45,0.43
24.869,24.969,226.45,0.43
24.892,24.992,226.45,0.62
24.915,25.015,226.45,0.55
24.938,25.038,226.45,0.69
24.961,25.061,226.45,0.76
24.985,25.085,226.45,0.76
25.008,25.108,226.45,0.83
25.031,25.131,225.14,0.89
25.054,25.154,225.14,0.83
25.078,25.178,225.14,0.83
25.101,25.201,225.14,0.83
25.124,25.224,225.14,0.83
25.147,25.247,225.14,0.76
25.17,25.27,223.85,0.62
25.194,25.294,223.85,0.62
25.217,25.317,223.85,0.76
25.24,25.34,222.56,0.69
25.263,25.363,222.56,0.69
25.287,25.387,222.56,0.62
25.31,25.41,222.56,0.69
25.333,25.433,222.56,0.76
25.356,25.456,221.27,0.83
25.379,25.479,221.27,0.89
25.403,25.503,222.56,0.83
25.426,25.526,222.56,0.89
25.449,25.549,222.56,0.95
25.472,25.572,222.56,0.95
25.496,25.596,223.85,0.89
25.519,25.619,223.85,0.89
25.542,25.642,223.85,0.83
25.565,25.665,223.85,0.89
25.588,25.688,223.85,0.83
25.612,25.712,223.85,0.76
25.635,25.735,225.14,0.55
25.658,25.758,218.73,0.11
25.681,25.781,216.22,0.03
25.704,25.804,200.58,0.01
25.728,25.828,199.42,0.01
25.751,25.851,199.42,0.02
25.774,25.874,199.42,0.03
25.797,25.897,200.58,0.03
25.821,25.921,200.58,0.09
25.844,25.944,200.58,0.15
25.867,25.967,200.58,0.13
25.89,25.99,200.58,0.11
25.913,26.013,200.58,0.18
25.937,26.037,200.58,0.18
25.96,26.06,200.58,0.11
25.983,26.083,200.58,0.13
26.006,26.106,200.58,0.13
26.03,26.13,200.58,0.09
26.053,26.153,200.58,0.09
26.076,26.176,200.58,0.08
26.099,26.199,200.58,0.08
26.122,26.222,200.58,0.08
26.146,26.246,200.58,0.09
26.169,26.269,200.58,0.09
26.192,26.292,200.58,0.09
26.215,26.315,200.58,0.13
26.239,26.339,200.58,0.11
26.262,26.362,200.58,0.11
26.285,26.385,199.42,0.15
26.308,26.408,199.42,0.15
26.331,26.431,199.42,0.13
26.355,26.455,199.42,0.11
26.378,26.478,199.42,0.13
26.401,26.501,199.42,0.13
26.424,26.524,199.42,0.15
26.448,26.548,199.42,0.18
26.471,26.571,199.42,0.13
26.494,26.594,199.42,0.13
26.517,26.617,199.42,0.18
26.54,26.64,198.28,0.13
26.564,26.664,198.28,0.15
26.587,26.687,198.28,0.18
26.61,26.71,198.28,0.15
26.633,26.733,198.28,0.18
26.657,26.757,198.28,0.15
26.68,26.78,198.28,0.15
26.703,26.803,198.28,0.13
26.726,26.826,197.13,0.09
26.749,26.849,197.13,0.06
26.773,26.873,197.13,0.04
26.796,26.896,198.28,0.03
26.819,26.919,198.28,0.02
26.842,26.942,198.28,0.02
26.865,26.965,199.42,0.02
26.889,26.989,221.27,0.02
26.912,27.012,218.73,0.07
26.935,27.035,217.47,0.15
26.958,27.058,218.73,0.21
26.982,27.082,218.73,0.32
27.005,27.105,218.73,0.43
27.028,27.128,220.0,0.43
27.051,27.151,221.27,0.43
27.074,27.174,223.85,0.03
27.098,27.198,223.85,0.04
27.121,27.221,223.85,0.13
27.144,27.244,222.56,0.32
27.167,27.267,222.56,0.48
27.191,27.291,223.85,0.55
27.214,27.314,223.85,0.69
27.237,27.337,223.85,0.83
27.26,27.36,223.85,0.89
27.283,27.383,223.85,0.89
27.307,27.407,223.85,0.89
27.33,27.43,223.85,0.89
27.353,27.453,223.85,0.89
27.376,27.476,223.85,0.89
27.4,27.5,223.85,0.89
27.423,27.523,223.85,0.89
27.446,27.546,223.85,0.89
27.469,27.569,223.85,0.89
27.492,27.592,223.85,0.89
27.516,27.616,223.85,0.89
27.539,27.639,223.85,0.89
27.562,27.662,223.85,0.95
27.585,27.685,223.85,0.95
27.609,27.709,223.85,0.95
27.632,27.732,223.85,0.95
27.655,27.755,223.85,0.95
27.678,27.778,223.85,0.95
27.701,27.801,223.85,0.89
27.725,27.825,223.85,0.89
27.748,27.848,223.85,0.89
27.771,27.871,223.85,0.83
27.794,27.894,223.85,0.76
27.818,27.918,223.85,0.76
27.841,27.941,223.85,0.83
27.864,27.964,223.85,0.83
27.887,27.987,223.85,0.83
27.91,28.01,223.85,0.89
27.934,28.034,223.85,0.89
27.957,28.057,223.85,0.89
27.98,28.08,223.85,0.89
28.003,28.103,223.85,0.89
28.026,28.126,223.85,0.89
28.05,28.15,222.56,0.89
28.073,28.173,222.56,0.89
28.096,28.196,222.56,0.83
28.119,28.219,222.56,0.89
28.143,28.243,222.56,0.89
28.166,28.266,222.56,0.89
28.189,28.289,222.56,0.95
28.212,28.312,222.56,0.95
28.235,28.335,222.56,0.95
28.259,28.359,222.56,0.98
28.282,28.382,222.56,0.89
28.305,28.405,222.56,0.95
28.328,28.428,222.56,0.89
28.352,28.452,223.85,0.89
28.375,28.475,222.56,0.83
28.398,28.498,222.56,0.76
28.421,28.521,223.85,0.69
28.444,28.544,223.85,0.28
28.468,28.568,222.56,0.15
28.491,28.591,222.56,0.06
28.514,28.614,221.27,0.06
28.63,28.73,295.37,0.03
28.653,28.753,295.37,0.03
28.677,28.777,295.37,0.04
28.7,28.8,295.37,0.03
28.723,28.823,295.37,0.07
28.746,28.846,295.37,0.13
28.77,28.87,293.66,0.15
28.793,28.893,291.97,0.18
28.816,28.916,290.29,0.24
28.839,28.939,288.62,0.21
28.862,28.962,286.96,0.15
28.886,28.986,286.96,0.11
28.909,29.009,282.03,0.09
28.932,29.032,282.03,0.05
28.955,29.055,280.4,0.04
28.979,29.079,280.4,0.03
29.002,29.102,282.03,0.02
29.025,29.125,283.66,0.01
29.048,29.148,267.74,0.01
29.071,29.171,263.14,0.03
29.095,29.195,263.14,0.08
29.118,29.218,263.14,0.24
29.141,29.241,263.14,0.24
29.164,29.264,263.14,0.43
29.187,29.287,263.14,0.48
29.211,29.311,263.14,0.55
29.234,29.334,263.14,0.69
29.257,29.357,263.14,0.76
29.28,29.38,263.14,0.76
29.304,29.404,263.14,0.76
29.327,29.427,263.14,0.83
29.35,29.45,263.14,0.83
29.373,29.473,263.14,0.69
29.396,29.496,263.14,0.62
29.42,29.52,261.63,0.62
29.443,29.543,261.63,0.62
29.466,29.566,261.63,0.55
29.489,29.589,260.12,0.43
29.513,29.613,257.13,0.43
29.536,29.636,254.18,0.37
29.559,29.659,252.71,0.37
29.582,29.682,251.26,0.32
29.605,29.705,249.81,0.24
29.629,29.729,248.37,0.21
29.652,29.752,248.37,0.18
29.675,29.775,248.37,0.11
29.698,29.798,246.94,0.07
29.722,29.822,245.52,0.03
29.745,29.845,235.79,0.01
29.768,29.868,220.0,0.01
29.791,29.891,220.0,0.04
29.814,29.914,221.27,0.15
29.838,29.938,221.27,0.24
29.861,29.961,222.56,0.37
29.884,29.984,222.56,0.55
29.907,30.007,222.56,0.62
29.931,30.031,223.85,0.76
29.954,30.054,223.85,0.89
29.977,30.077,225.14,0.89
30.0,30.1,225.14,0.89
30.023,30.123,225.14,0.89
30.047,30.147,225.14,0.89
30.07,30.17,225.14,0.89
30.093,30.193,225.14,0.89
30.116,30.216,225.14,0.89
30.14,30.24,225.14,0.95
30.163,30.263,225.14,0.89
30.186,30.286,225.14,0.89
30.209,30.309,225.14,0.89
30.232,30.332,225.14,0.89
30.256,30.356,225.14,0.89
30.279,30.379,223.85,0.83
30.302,30.402,225.14,0.83
30.325,30.425,223.85,0.89
30.348,30.448,223.85,0.89
30.372,30.472,223.85,0.89
30.395,30.495,223.85,0.83
30.418,30.518,223.85,0.89
30.441,30.541,223.85,0.83
30.465,30.565,223.85,0.89
30.488,30.588,223.85,0.83
30.511,30.611,223.85,0.83
30.534,30.634,223.85,0.83
30.557,30.657,223.85,0.83
30.581,30.681,222.56,0.83
30.604,30.704,222.56,0.89
30.627,30.727,222.56,0.89
30.65,30.75,222.56,0.89
30.674,30.774,222.56,0.89
30.697,30.797,222.56,0.89
30.72,30.82,222.56,0.89
30.743,30.843,222.56,0.95
30.766,30.866,222.56,0.95
30.79,30.89,222.56,0.95
30.813,30.913,222.56,0.95
30.836,30.936,222.56,0.95
30.859,30.959,222.56,0.95
30.883,30.983,222.56,0.95
30.906,31.006,222.56,0.95
30.929,31.029,222.56,0.89
30.952,31.052,222.56,0.89
30.975,31.075,223.85,0.83
30.999,31.099,223.85,0.69
31.022,31.122,223.85,0.48
31.045,31.145,223.85,0.28
31.068,31.168,238.53,0.01
31.092,31.192,263.14,0.03
31.115,31.215,263.14,0.13
31.138,31.238,264.67,0.28
31.161,31.261,264.67,0.37
31.184,31.284,264.67,0.55
31.208,31.308,264.67,0.62
31.231,31.331,264.67,0.69
31.254,31.354,264.67,0.83
31.277,31.377,264.67,0.83
31.3,31.4,264.67,0.83
31.324,31.424,264.67,0.89
31.347,31.447,264.67,0.89
31.37,31.47,264.67,0.89
31.393,31.493,264.67,0.83
31.417,31.517,264.67,0.89
31.44,31.54,264.67,0.83
31.463,31.563,264.67,0.69
31.486,31.586,264.67,0.55
31.509,31.609,264.67,0.55
31.533,31.633,264.67,0.32
31.556,31.656,263.14,0.24
31.579,31.679,261.63,0.21
31.602,31.702,258.62,0.21
31.626,31.726,252.71,0.15
31.649,31.749,245.52,0.15
31.672,31.772,238.53,0.15
31.695,31.795,231.74,0.24
31.718,31.818,227.76,0.32
31.742,31.842,225.14,0.43
31.765,31.865,223.85,0.48
31.788,31.888,223.85,0.62
31.811,31.911,223.85,0.62
31.835,31.935,223.85,0.69
31.858,31.958,222.56,0.83
31.881,31.981,222.56,0.89
31.904,32.004,222.56,0.89
31.927,32.027,223.85,0.89
31.951,32.051,223.85,0.83
31.974,32.074,223.85,0.89
31.997,32.097,223.85,0.89
32.02,32.12,223.85,0.89
32.044,32.144,223.85,0.76
32.067,32.167,225.14,0.83
32.09,32.19,225.14,0.76
32.113,32.213,225.14,0.83
32.136,32.236,225.14,0.76
32.16,32.26,225.14,0.62
32.183,32.283,225.14,0.62
32.206,32.306,225.14,0.62
32.229,32.329,225.14,0.62
32.253,32.353,225.14,0.55
32.276,32.376,225.14,0.37
32.299,32.399,225.14,0.43
32.322,32.422,222.56,0.62
32.345,32.445,222.56,0.62
32.369,32.469,222.56,0.62
32.392,32.492,222.56,0.62
32.415,32.515,222.56,0.55
32.438,32.538,222.56,0.62
32.461,32.561,221.27,0.48
32.485,32.585,221.27,0.43
32.508,32.608,223.85,0.43
32.531,32.631,225.14,0.32
32.554,32.654,221.27,0.24
32.578,32.678,220.0,0.15
32.601,32.701,220.0,0.13
32.624,32.724,218.73,0.11
32.647,32.747,217.47,0.08
32.67,32.77,213.74,0.05
32.694,32.794,211.28,0.02
32.717,32.817,211.28,0.03
32.74,32.84,211.28,0.03
32.763,32.863,211.28,0.02
32.787,32.887,208.86,0.01
32.81,32.91,207.65,0.01
32.833,32.933,207.65,0.01
32.856,32.956,208.86,0.01
32.879,32.979,207.65,0.01
32.903,33.003,205.27,0.01
32.926,33.026,202.91,0.01
32.949,33.049,201.74,0.01
32.972,33.072,202.91,0.01
33.553,33.653,174.61,0.01
33.576,33.676,174.61,0.01
33.599,33.699,174.61,0.01
33.622,33.722,174.61,0.02
33.646,33.746,174.61,0.02
33.669,33.769,174.61,0.05
33.692,33.792,174.61,0.11
33.715,33.815,174.61,0.13
33.739,33.839,174.61,0.11
33.762,33.862,174.61,0.09
33.785,33.885,174.61,0.11
33.808,33.908,174.61,0.13
33.831,33.931,174.61,0.18
33.855,33.955,174.61,0.24
33.878,33.978,174.61,0.21
33.901,34.001,174.61,0.24
33.924,34.024,174.61,0.32
33.948,34.048,174.61,0.28
33.971,34.071,174.61,0.24
33.994,34.094,174.61,0.21
34.017,34.117,174.61,0.18
34.04,34.14,174.61,0.18
34.064,34.164,174.61,0.21
34.087,34.187,174.61,0.21
34.11,34.21,174.61,0.21
34.133,34.233,174.61,0.24
34.157,34.257,174.61,0.32
34.18,34.28,174.61,0.32
34.203,34.303,174.61,0.28
34.226,34.326,174.61,0.24
34.249,34.349,174.61,0.21
34.273,34.373,174.61,0.21
34.296,34.396,174.61,0.18
34.319,34.419,174.61,0.15
34.342,34.442,174.61,0.15
34.366,34.466,174.61,0.09
34.389,34.489,174.61,0.18
34.412,34.512,174.61,0.21
34.435,34.535,174.61,0.21
34.458,34.558,174.61,0.28
34.482,34.582,174.61,0.24
34.505,34.605,174.61,0.21
34.528,34.628,174.61,0.18
34.551,34.651,174.61,0.32
34.575,34.675,174.61,0.28
34.598,34.698,174.61,0.24
34.621,34.721,174.61,0.21
34.644,34.744,174.61,0.13
34.667,34.767,174.61,0.13
34.691,34.791,174.61,0.09
34.714,34.814,174.61,0.09
34.737,34.837,174.61,0.06
34.76,34.86,174.61,0.05
34.783,34.883,174.61,0.05
34.807,34.907,174.61,0.08
34.83,34.93,174.61,0.11
34.853,34.953,174.61,0.13
34.876,34.976,174.61,0.13
34.9,35.0,174.61,0.15
34.923,35.023,174.61,0.15
34.946,35.046,174.61,0.11
34.969,35.069,174.61,0.09
34.992,35.092,174.61,0.09
35.016,35.116,174.61,0.09
35.039,35.139,174.61,0.09
35.062,35.162,174.61,0.11
35.085,35.185,174.61,0.11
35.109,35.209,174.61,0.08
35.132,35.232,174.61,0.09
35.155,35.255,174.61,0.11
35.178,35.278,174.61,0.08
35.201,35.301,174.61,0.09
35.225,35.325,174.61,0.08
35.248,35.348,174.61,0.07
35.271,35.371,174.61,0.07
35.294,35.394,174.61,0.07
35.318,35.418,174.61,0.05
35.341,35.441,174.61,0.03
35.364,35.464,174.61,0.03
35.503,35.603,87.31,0.02
35.527,35.627,87.31,0.01
35.55,35.65,87.31,0.01
35.573,35.673,87.31,0.01
35.596,35.696,87.31,0.01
35.619,35.719,87.31,0.02
35.643,35.743,87.31,0.01
35.666,35.766,87.31,0.01
35.689,35.789,87.31,0.01
35.712,35.812,87.31,0.01
35.736,35.836,87.31,0.01
35.759,35.859,87.31,0.01
35.782,35.882,87.31,0.01
35.805,35.905,87.31,0.01
35.828,35.928,87.31,0.01
35.852,35.952,87.31,0.01
35.875,35.975,87.31,0.01
35.898,35.998,87.31,0.02
35.921,36.021,87.31,0.02
35.944,36.044,87.31,0.02
35.968,36.068,87.31,0.03
35.991,36.091,87.31,0.03
36.014,36.114,87.31,0.03
36.037,36.137,87.31,0.01
36.061,36.161,87.31,0.01
36.084,36.184,87.31,0.01
36.107,36.207,87.31,0.01
36.13,36.23,87.31,0.01
36.153,36.253,87.31,0.01
36.177,36.277,87.31,0.01
36.2,36.3,87.31,0.01
36.223,36.323,87.31,0.01
36.641,36.741,222.56,0.01
36.664,36.764,222.56,0.01
36.688,36.788,222.56,0.08
36.711,36.811,222.56,0.32
36.734,36.834,222.56,0.48
36.757,36.857,222.56,0.48
36.78,36.88,222.56,0.69
36.804,36.904,222.56,0.76
36.827,36.927,222.56,0.83
36.85,36.95,222.56,0.89
36.873,36.973,222.56,0.89
36.897,36.997,222.56,0.89
36.92,37.02,222.56,0.89
36.943,37.043,222.56,0.89
36.966,37.066,223.85,0.89
36.989,37.089,223.85,0.95
37.013,37.113,223.85,0.95
37.036,37.136,223.85,0.95
37.059,37.159,223.85,0.95
37.082,37.182,223.85,0.95
37.105,37.205,223.85,0.95
37.129,37.229,223.85,0.95
37.152,37.252,223.85,0.95
37.175,37.275,223.85,0.89
37.198,37.298,223.85,0.83
37.222,37.322,223.85,0.83
37.245,37.345,222.56,0.89
37.268,37.368,222.56,0.89
37.291,37.391,223.85,0.89
37.314,37.414,223.85,0.89
37.338,37.438,223.85,0.95
37.361,37.461,222.56,0.95
37.384,37.484,222.56,0.95
37.407,37.507,223.85,0.89
37.431,37.531,223.85,0.95
37.454,37.554,223.85,0.89
37.477,37.577,223.85,0.95
37.5,37.6,223.85,0.95
37.523,37.623,223.85,0.89
37.547,37.647,223.85,0.89
37.57,37.67,223.85,0.89
37.593,37.693,223.85,0.95
37.616,37.716,223.85,0.89
37.64,37.74,223.85,0.89
37.663,37.763,223.85,0.89
37.686,37.786,223.85,0.89
37.709,37.809,223.85,0.83
37.732,37.832,223.85,0.76
37.756,37.856,223.85,0.76
37.779,37.879,223.85,0.76
37.802,37.902,223.85,0.69
37.825,37.925,225.14,0.55
37.849,37.949,225.14,0.43
37.872,37.972,225.14,0.48
37.895,37.995,225.14,0.55
37.918,38.018,225.14,0.62
37.941,38.041,225.14,0.62
37.965,38.065,225.14,0.69
37.988,38.088,225.14,0.83
38.011,38.111,225.14,0.83
38.034,38.134,225.14,0.89
38.058,38.158,225.14,0.89
38.081,38.181,225.14,0.89
38.104,38.204,225.14,0.89
38.127,38.227,225.14,0.89
38.15,38.25,225.14,0.95
38.174,38.274,225.14,0.95
38.197,38.297,225.14,0.95
38.22,38.32,225.14,0.95
38.243,38.343,225.14,0.95
38.266,38.366,225.14,0.95
38.29,38.39,225.14,0.95
38.313,38.413,225.14,0.89
38.336,38.436,225.14,0.89
38.359,38.459,225.14,0.89
38.383,38.483,225.14,0.89
38.406,38.506,225.14,0.89
38.429,38.529,225.14,0.89
38.452,38.552,223.85,0.89
38.475,38.575,223.85,0.83
38.499,38.599,223.85,0.69
38.522,38.622,223.85,0.69
38.545,38.645,223.85,0.62
38.568,38.668,223.85,0.69
38.592,38.692,223.85,0.69
38.615,38.715,223.85,0.76
38.638,38.738,223.85,0.83
38.661,38.761,223.85,0.89
38.684,38.784,223.85,0.89
38.708,38.808,223.85,0.89
38.731,38.831,223.85,0.89
38.754,38.854,223.85,0.89
38.777,38.877,223.85,0.89
38.801,38.901,223.85,0.95
38.824,38.924,223.85,0.89
38.847,38.947,222.56,0.95
38.87,38.97,222.56,0.89
38.893,38.993,222.56,0.89
38.917,39.017,222.56,0.89
38.94,39.04,222.56,0.95
38.963,39.063,221.27,0.95
38.986,39.086,221.27,0.89
39.01,39.11,221.27,0.89
39.033,39.133,221.27,0.83
39.056,39.156,222.56,0.89
39.079,39.179,222.56,0.83
39.102,39.202,222.56,0.55
39.126,39.226,222.56,0.37
39.149,39.249,222.56,0.32
39.172,39.272,222.56,0.24
39.195,39.295,222.56,0.13
39.219,39.319,225.14,0.06
39.242,39.342,226.45,0.02
39.265,39.365,227.76,0.02
39.288,39.388,233.08,0.02
39.311,39.411,234.43,0.01
39.335,39.435,216.22,0.01
39.358,39.458,197.13,0.01
39.381,39.481,197.13,0.01
39.404,39.504,199.42,0.01
39.427,39.527,199.42,0.02
39.451,39.551,199.42,0.03
39.474,39.574,199.42,0.02
39.497,39.597,199.42,0.04
39.52,39.62,199.42,0.03
39.544,39.644,199.42,0.03
39.567,39.667,199.42,0.03
39.59,39.69,199.42,0.03
39.613,39.713,199.42,0.03
39.636,39.736,199.42,0.02
39.66,39.76,199.42,0.03
39.683,39.783,199.42,0.02
39.706,39.806,199.42,0.02
39.729,39.829,200.58,0.01
39.753,39.853,211.28,0.01
39.776,39.876,222.56,0.03
39.799,39.899,222.56,0.13
39.822,39.922,222.56,0.24
39.845,39.945,222.56,0.28
39.869,39.969,222.56,0.43
39.892,39.992,222.56,0.62
39.915,40.015,223.85,0.69
39.938,40.038,223.85,0.76
39.962,40.062,223.85,0.83
39.985,40.085,223.85,0.83
40.008,40.108,223.85,0.89
40.031,40.131,223.85,0.89
40.054,40.154,222.56,0.83
40.078,40.178,222.56,0.89
40.101,40.201,222.56,0.83
40.124,40.224,222.56,0.83
40.147,40.247,222.56,0.89
40.171,40.271,222.56,0.89
40.194,40.294,222.56,0.89
40.217,40.317,222.56,0.95
40.24,40.34,222.56,0.95
40.263,40.363,223.85,0.89
40.287,40.387,223.85,0.89
40.31,40.41,225.14,0.89
40.333,40.433,225.14,0.89
40.356,40.456,225.14,0.28
40.38,40.48,238.53,0.06
40.403,40.503,252.71,0.05
40.426,40.526,261.63,0.06
40.449,40.549,263.14,0.15
40.472,40.572,263.14,0.21
40.496,40.596,264.67,0.37
40.519,40.619,264.67,0.48
40.542,40.642,264.67,0.69
40.565,40.665,264.67,0.69
40.588,40.688,263.14,0.69
40.612,40.712,263.14,0.69
40.635,40.735,263.14,0.69
40.658,40.758,261.63,0.62
40.681,40.781,260.12,0.48
40.705,40.805,260.12,0.48
40.728,40.828,255.65,0.55
40.751,40.851,252.71,0.55
40.774,40.874,251.26,0.55
40.797,40.897,249.81,0.48
40.821,40.921,248.37,0.37
40.844,40.944,246.94,0.28
40.867,40.967,244.11,0.18
40.89,40.99,239.91,0.11
40.914,41.014,235.79,0.08
40.937,41.037,227.76,0.03
40.96,41.06,223.85,0.05
40.983,41.083,223.85,0.18
41.006,41.106,222.56,0.55
41.03,41.13,222.56,0.55
41.053,41.153,222.56,0.55
41.076,41.176,222.56,0.62
41.099,41.199,222.56,0.69
41.123,41.223,223.85,0.76
41.146,41.246,222.56,0.89
41.169,41.269,222.56,0.76
41.192,41.292,223.85,0.83
41.215,41.315,223.85,0.89
41.239,41.339,222.56,0.89
41.262,41.362,222.56,0.83
41.285,41.385,222.56,0.83
41.308,41.408,222.56,0.89
41.332,41.432,222.56,0.89
41.355,41.455,222.56,0.89
41.378,41.478,222.56,0.89
41.401,41.501,222.56,0.95
41.424,41.524,222.56,0.95
41.448,41.548,222.56,0.89
41.471,41.571,222.56,0.83
41.494,41.594,223.85,0.76
41.517,41.617,225.14,0.76
41.54,41.64,226.45,0.62
41.564,41.664,229.08,0.08
41.587,41.687,261.63,0.03
41.61,41.71,263.14,0.09
41.633,41.733,263.14,0.13
41.657,41.757,264.67,0.28
41.68,41.78,264.67,0.48
41.703,41.803,264.67,0.69
41.726,41.826,264.67,0.76
41.749,41.849,264.67,0.83
41.773,41.873,264.67,0.83
41.796,41.896,264.67,0.89
41.819,41.919,264.67,0.89
41.842,41.942,264.67,0.89
41.866,41.966,264.67,0.89
41.889,41.989,264.67,0.89
41.912,42.012,264.67,0.89
41.935,42.035,264.67,0.89
41.958,42.058,264.67,0.89
41.982,42.082,264.67,0.89
42.005,42.105,264.67,0.89
42.028,42.128,264.67,0.83
42.051,42.151,264.67,0.83
42.075,42.175,264.67,0.89
42.098,42.198,264.67,0.89
42.121,42.221,264.67,0.83
42.144,42.244,264.67,0.89
42.167,42.267,264.67,0.89
42.191,42.291,264.67,0.89
42.214,42.314,264.67,0.89
42.237,42.337,264.67,0.89
42.26,42.36,264.67,0.89
42.284,42.384,264.67,0.89
42.307,42.407,264.67,0.89
42.33,42.43,264.67,0.83
42.353,42.453,264.67,0.89
42.376,42.476,264.67,0.83
42.4,42.5,264.67,0.83
42.423,42.523,264.67,0.83
42.446,42.546,264.67,0.83
42.469,42.569,264.67,0.83
42.493,42.593,264.67,0.76
42.516,42.616,264.67,0.83
42.539,42.639,264.67,0.76
42.562,42.662,264.67,0.76
42.585,42.685,264.67,0.76
42.609,42.709,264.67,0.76
42.632,42.732,264.67,0.76
42.655,42.755,264.67,0.76
42.678,42.778,264.67,0.76
42.701,42.801,264.67,0.76
42.725,42.825,264.67,0.76
42.748,42.848,264.67,0.76
42.771,42.871,264.67,0.76
42.794,42.894,264.67,0.76
42.818,42.918,264.67,0.76
42.841,42.941,264.67,0.69
42.864,42.964,264.67,0.62
42.887,42.987,264.67,0.55
42.91,43.01,264.67,0.32
42.934,43.034,264.67,0.15
42.957,43.057,264.67,0.21
42.98,43.08,264.67,0.24
43.003,43.103,264.67,0.24
43.027,43.127,264.67,0.37
43.05,43.15,264.67,0.43
43.073,43.173,266.2,0.48
43.096,43.196,266.2,0.62
43.119,43.219,266.2,0.69
43.143,43.243,266.2,0.76
43.166,43.266,266.2,0.69
43.189,43.289,266.2,0.69
43.212,43.312,266.2,0.76
43.236,43.336,266.2,0.69
43.259,43.359,266.2,0.69
43.282,43.382,266.2,0.69
43.305,43.405,266.2,0.76
43.328,43.428,266.2,0.76
43.352,43.452,266.2,0.76
43.375,43.475,266.2,0.76
43.398,43.498,266.2,0.76
43.421,43.521,266.2,0.83
43.445,43.545,266.2,0.76
43.468,43.568,266.2,0.76
43.491,43.591,266.2,0.76
43.514,43.614,266.2,0.76
43.537,43.637,266.2,0.76
43.561,43.661,266.2,0.69
43.584,43.684,266.2,0.69
43.607,43.707,266.2,0.69
43.63,43.73,266.2,0.69
43.654,43.754,266.2,0.69
43.677,43.777,266.2,0.62
43.7,43.8,266.2,0.62
43.723,43.823,264.67,0.62
43.746,43.846,264.67,0.76
43.77,43.87,264.67,0.69
43.793,43.893,264.67,0.69
43.816,43.916,264.67,0.69
43.839,43.939,264.67,0.69
43.862,43.962,264.67,0.69
43.886,43.986,264.67,0.69
43.909,44.009,264.67,0.69
43.932,44.032,264.67,0.62
43.955,44.055,264.67,0.62
43.979,44.079,263.14,0.55
44.002,44.102,263.14,0.48
44.025,44.125,263.14,0.37
44.048,44.148,263.14,0.24
44.071,44.171,261.63,0.13
44.095,44.195,260.12,0.08
44.118,44.218,258.62,0.03
44.141,44.241,258.62,0.03
44.164,44.264,257.13,0.02
44.188,44.288,257.13,0.01
44.211,44.311,257.13,0.02
44.234,44.334,223.85,0.01
44.257,44.357,222.56,0.02
44.28,44.38,222.56,0.06
44.304,44.404,222.56,0.21
44.327,44.427,222.56,0.28
44.35,44.45,222.56,0.37
44.373,44.473,222.56,0.55
44.397,44.497,222.56,0.69
44.42,44.52,222.56,0.76
44.443,44.543,222.56,0.83
44.466,44.566,222.56,0.83
44.489,44.589,222.56,0.89
44.513,44.613,222.56,0.89
44.536,44.636,222.56,0.95
44.559,44.659,223.85,0.95
44.582,44.682,223.85,0.89
44.606,44.706,223.85,0.95
44.629,44.729,223.85,0.95
44.652,44.752,223.85,0.95
44.675,44.775,223.85,0.95
44.698,44.798,223.85,0.95
44.722,44.822,223.85,0.95
44.745,44.845,223.85,0.95
44.768,44.868,223.85,0.95
44.791,44.891,223.85,0.89
44.815,44.915,223.85,0.95
44.838,44.938,222.56,0.95
44.861,44.961,223.85,0.95
44.884,44.984,223.85,0.95
44.907,45.007,223.85,0.83
44.931,45.031,223.85,0.83
44.954,45.054,223.85,0.69
44.977,45.077,225.14,0.69
45.0,45.1,223.85,0.62
45.023,45.123,223.85,0.69
45.047,45.147,223.85,0.76
45.07,45.17,223.85,0.83
45.093,45.193,223.85,0.76
45.116,45.216,223.85,0.76
45.14,45.24,223.85,0.83
45.163,45.263,223.85,0.89
45.186,45.286,222.56,0.89
45.209,45.309,222.56,0.89
45.232,45.332,222.56,0.89
45.256,45.356,222.56,0.89
45.279,45.379,222.56,0.89
45.302,45.402,222.56,0.89
45.325,45.425,222.56,0.89
45.349,45.449,222.56,0.95
45.372,45.472,222.56,0.89
45.395,45.495,222.56,0.83
45.418,45.518,223.85,0.83
45.441,45.541,223.85,0.76
45.465,45.565,225.14,0.69
45.488,45.588,225.14,0.62
45.511,45.611,223.85,0.32
45.534,45.634,223.85,0.21
45.558,45.658,223.85,0.11
45.581,45.681,222.56,0.05
45.604,45.704,220.0,0.05
45.952,46.052,288.62,0.01
45.976,46.076,290.29,0.01
45.999,46.099,290.29,0.01
46.022,46.122,290.29,0.01
46.045,46.145,288.62,0.01
46.068,46.168,285.3,0.01
46.115,46.215,285.3,0.01
46.138,46.238,264.67,0.01
46.161,46.261,263.14,0.05
46.184,46.284,264.67,0.18
46.208,46.308,264.67,0.28
46.231,46.331,264.67,0.32
46.254,46.354,264.67,0.48
46.277,46.377,264.67,0.55
46.301,46.401,264.67,0.62
46.324,46.424,264.67,0.76
46.347,46.447,264.67,0.83
46.37,46.47,264.67,0.89
46.393,46.493,264.67,0.89
46.417,46.517,264.67,0.89
46.44,46.54,264.67,0.89
46.463,46.563,264.67,0.89
46.486,46.586,264.67,0.89
46.51,46.61,264.67,0.83
46.533,46.633,264.67,0.83
46.556,46.656,264.67,0.83
46.579,46.679,264.67,0.83
46.602,46.702,264.67,0.83
46.626,46.726,264.67,0.83
46.649,46.749,264.67,0.89
46.672,46.772,264.67,0.83
46.695,46.795,264.67,0.83
46.719,46.819,264.67,0.83
46.742,46.842,263.14,0.83
46.765,46.865,263.14,0.83
46.788,46.888,263.14,0.76
46.811,46.911,263.14,0.69
46.835,46.935,263.14,0.15
46.858,46.958,263.14,0.09
46.881,46.981,261.63,0.02
46.904,47.004,261.63,0.01
46.928,47.028,293.66,0.01
46.951,47.051,293.66,0.01
46.974,47.074,295.37,0.02
46.997,47.097,295.37,0.03
47.02,47.12,295.37,0.05
47.044,47.144,295.37,0.08
47.067,47.167,295.37,0.07
47.09,47.19,295.37,0.08
47.113,47.213,295.37,0.08
47.137,47.237,295.37,0.06
47.16,47.26,295.37,0.07
47.183,47.283,295.37,0.06
47.206,47.306,295.37,0.06
47.229,47.329,295.37,0.05
47.253,47.353,295.37,0.06
47.276,47.376,295.37,0.07
47.299,47.399,295.37,0.08
47.322,47.422,295.37,0.13
47.345,47.445,295.37,0.13
47.369,47.469,295.37,0.15
47.392,47.492,295.37,0.21
47.415,47.515,295.37,0.24
47.438,47.538,295.37,0.21
47.462,47.562,295.37,0.24
47.485,47.585,295.37,0.24
47.508,47.608,295.37,0.24
47.531,47.631,295.37,0.28
47.554,47.654,295.37,0.32
47.578,47.678,295.37,0.32
47.601,47.701,295.37,0.37
47.624,47.724,295.37,0.37
47.647,47.747,295.37,0.43
47.671,47.771,295.37,0.48
47.694,47.794,295.37,0.48
47.717,47.817,295.37,0.48
47.74,47.84,295.37,0.62
47.763,47.863,295.37,0.55
47.787,47.887,295.37,0.55
47.81,47.91,297.08,0.62
47.833,47.933,297.08,0.62
47.856,47.956,297.08,0.62
47.88,47.98,297.08,0.37
47.903,48.003,297.08,0.24
47.926,48.026,297.08,0.15
47.949,48.049,297.08,0.09
47.972,48.072,295.37,0.05
47.996,48.096,295.37,0.01
48.019,48.119,295.37,0.01
48.042,48.142,295.37,0.02
48.065,48.165,297.08,0.05
48.089,48.189,297.08,0.09
48.112,48.212,297.08,0.09
48.135,48.235,297.08,0.11
48.158,48.258,297.08,0.13
48.181,48.281,297.08,0.21
48.205,48.305,297.08,0.24
48.228,48.328,297.08,0.15
48.251,48.351,295.37,0.13
48.274,48.374,295.37,0.08
48.298,48.398,293.66,0.09
48.321,48.421,290.29,0.08
48.344,48.444,288.62,0.06
48.367,48.467,285.3,0.04
48.39,48.49,280.4,0.03
48.414,48.514,275.59,0.04
48.437,48.537,272.42,0.07
48.46,48.56,267.74,0.06
48.483,48.583,267.74,0.06
48.506,48.606,266.2,0.02
48.53,48.63,264.67,0.11
48.553,48.653,264.67,0.24
48.576,48.676,264.67,0.43
48.599,48.699,264.67,0.43
48.623,48.723,264.67,0.55
48.646,48.746,264.67,0.62
48.669,48.769,264.67,0.69
48.692,48.792,264.67,0.83
48.715,48.815,264.67,0.83
48.739,48.839,264.67,0.83
48.762,48.862,264.67,0.89
48.785,48.885,264.67,0.89
48.808,48.908,264.67,0.89
48.832,48.932,264.67,0.83
48.855,48.955,264.67,0.83
48.878,48.978,264.67,0.83
48.901,49.001,264.67,0.76
48.924,49.024,263.14,0.83
48.948,49.048,264.67,0.76
48.971,49.071,264.67,0.69
48.994,49.094,264.67,0.55
49.017,49.117,264.67,0.43
49.041,49.141,266.2,0.24
49.064,49.164,266.2,0.18
49.087,49.187,269.29,0.05
49.11,49.21,270.85,0.02
49.133,49.233,272.42,0.01
49.157,49.257,275.59,0.01
49.18,49.28,275.59,0.01
49.226,49.326,351.25,0.01
49.25,49.35,351.25,0.01
49.273,49.373,351.25,0.02
49.296,49.396,351.25,0.08
49.319,49.419,351.25,0.24
49.342,49.442,351.25,0.37
49.366,49.466,351.25,0.48
49.389,49.489,351.25,0.69
49.412,49.512,351.25,0.83
49.435,49.535,351.25,0.83
49.459,49.559,351.25,0.89
49.482,49.582,351.25,0.89
49.505,49.605,351.25,0.89
49.528,49.628,351.25,0.95
49.551,49.651,351.25,0.95
49.575,49.675,351.25,0.89
49.598,49.698,351.25,0.89
49.621,49.721,351.25,0.89
49.644,49.744,353.29,0.89
49.667,49.767,353.29,0.89
49.691,49.791,353.29,0.89
49.714,49.814,353.29,0.89
49.737,49.837,353.29,0.89
49.76,49.86,353.29,0.83
49.784,49.884,353.29,0.83
49.807,49.907,353.29,0.76
49.83,49.93,353.29,0.76
49.853,49.953,353.29,0.76
49.876,49.976,353.29,0.69
49.9,50.0,353.29,0.69
49.923,50.023,353.29,0.62
49.946,50.046,353.29,0.62
49.969,50.069,353.29,0.55
49.993,50.093,353.29,0.55
50.016,50.116,353.29,0.43
50.039,50.139,353.29,0.43
50.062,50.162,353.29,0.43
50.085,50.185,353.29,0.37
50.109,50.209,353.29,0.43
50.132,50.232,353.29,0.43
50.155,50.255,353.29,0.43
50.178,50.278,353.29,0.37
50.202,50.302,353.29,0.43
50.225,50.325,353.29,0.32
50.248,50.348,353.29,0.32
50.271,50.371,353.29,0.28
50.294,50.394,353.29,0.32
50.318,50.418,353.29,0.32
50.341,50.441,353.29,0.28
50.364,50.464,353.29,0.24
50.387,50.487,353.29,0.15
50.411,50.511,353.29,0.03
50.434,50.534,353.29,0.02
50.457,50.557,353.29,0.07
50.48,50.58,355.33,0.18
50.503,50.603,353.29,0.32
50.527,50.627,353.29,0.48
50.55,50.65,353.29,0.55
50.573,50.673,353.29,0.69
50.596,50.696,353.29,0.76
50.62,50.72,353.29,0.89
50.643,50.743,353.29,0.89
50.666,50.766,353.29,0.89
50.689,50.789,353.29,0.89
50.712,50.812,353.29,0.83
50.736,50.836,353.29,0.83
50.759,50.859,353.29,0.83
50.782,50.882,353.29,0.76
50.805,50.905,353.29,0.76
50.828,50.928,353.29,0.76
50.852,50.952,353.29,0.69
50.875,50.975,353.29,0.69
50.898,50.998,353.29,0.69
50.921,51.021,353.29,0.69
50.945,51.045,353.29,0.69
50.968,51.068,353.29,0.69
50.991,51.091,353.29,0.69
51.014,51.114,353.29,0.62
51.037,51.137,353.29,0.62
51.061,51.161,353.29,0.62
51.084,51.184,353.29,0.62
51.107,51.207,353.29,0.55
51.13,51.23,353.29,0.62
51.154,51.254,353.29,0.55
51.177,51.277,353.29,0.55
51.2,51.3,353.29,0.48
51.223,51.323,353.29,0.48
51.246,51.346,353.29,0.37
51.27,51.37,353.29,0.28
51.293,51.393,353.29,0.15
51.316,51.416,353.29,0.11
51.339,51.439,351.25,0.08
51.363,51.463,351.25,0.06
51.386,51.486,351.25,0.02
51.409,51.509,351.25,0.01
51.432,51.532,351.25,0.01
51.455,51.555,351.25,0.01
51.479,51.579,351.25,0.01
51.502,51.602,351.25,0.01
51.711,51.811,293.66,0.01
51.734,51.834,295.37,0.01
51.757,51.857,297.08,0.02
51.78,51.88,297.08,0.03
51.804,51.904,297.08,0.08
51.827,51.927,297.08,0.11
51.85,51.95,297.08,0.13
51.873,51.973,297.08,0.18
51.897,51.997,297.08,0.28
51.92,52.02,297.08,0.37
51.943,52.043,297.08,0.43
51.966,52.066,297.08,0.43
51.989,52.089,297.08,0.48
52.013,52.113,297.08,0.43
52.036,52.136,297.08,0.43
52.059,52.159,295.37,0.37
52.082,52.182,295.37,0.37
52.106,52.206,295.37,0.37
52.129,52.229,295.37,0.32
52.152,52.252,295.37,0.32
52.175,52.275,295.37,0.28
52.198,52.298,295.37,0.21
52.222,52.322,293.66,0.13
52.245,52.345,293.66,0.07
52.268,52.368,293.66,0.03
52.291,52.391,295.37,0.01
52.315,52.415,297.08,0.01
52.338,52.438,297.08,0.01
52.361,52.461,298.8,0.01
52.384,52.484,298.8,0.01
52.477,52.577,221.27,0.01
52.5,52.6,221.27,0.01
52.524,52.624,221.27,0.01
52.547,52.647,221.27,0.02
52.57,52.67,221.27,0.06
52.593,52.693,221.27,0.11
52.616,52.716,221.27,0.15
52.64,52.74,221.27,0.28
52.663,52.763,221.27,0.32
52.686,52.786,222.56,0.24
52.709,52.809,222.56,0.13
52.733,52.833,222.56,0.03
52.756,52.856,223.85,0.01
52.779,52.879,227.76,0.01
52.802,52.902,231.74,0.01
52.825,52.925,231.74,0.01
52.849,52.949,233.08,0.01
53.986,54.086,394.27,0.01
54.01,54.11,394.27,0.02
54.033,54.133,394.27,0.04
54.056,54.156,396.55,0.15
54.079,54.179,396.55,0.28
54.102,54.202,396.55,0.48
54.126,54.226,396.55,0.48
54.149,54.249,396.55,0.48
54.172,54.272,396.55,0.62
54.195,54.295,396.55,0.62
54.219,54.319,398.85,0.62
54.242,54.342,398.85,0.62
54.265,54.365,398.85,0.69
54.288,54.388,398.85,0.69
54.311,54.411,398.85,0.76
54.335,54.435,398.85,0.69
54.358,54.458,398.85,0.76
54.381,54.481,398.85,0.76
54.404,54.504,398.85,0.76
54.428,54.528,398.85,0.83
54.451,54.551,398.85,0.83
54.474,54.574,398.85,0.83
54.497,54.597,398.85,0.83
54.52,54.62,398.85,0.83
54.544,54.644,398.85,0.83
54.567,54.667,398.85,0.83
54.59,54.69,398.85,0.83
54.613,54.713,398.85,0.76
54.637,54.737,398.85,0.76
54.66,54.76,398.85,0.83
54.683,54.783,398.85,0.76
54.706,54.806,398.85,0.83
54.729,54.829,398.85,0.76
54.753,54.853,398.85,0.76
54.776,54.876,398.85,0.76
54.799,54.899,398.85,0.76
54.822,54.922,398.85,0.62
54.846,54.946,396.55,0.55
54.869,54.969,396.55,0.37
54.892,54.992,396.55,0.21
54.915,55.015,396.55,0.08
54.938,55.038,394.27,0.01
54.962,55.062,394.27,0.01
55.147,55.247,327.73,0.01
55.171,55.271,327.73,0.01
55.194,55.294,331.54,0.01
55.217,55.317,335.39,0.01
55.24,55.34,337.33,0.01
55.263,55.363,345.22,0.01
55.287,55.387,347.22,0.02
55.31,55.41,349.23,0.04
55.333,55.433,351.25,0.18
55.356,55.456,351.25,0.37
55.38,55.48,351.25,0.43
55.403,55.503,351.25,0.55
55.426,55.526,351.25,0.69
55.449,55.549,351.25,0.69
55.472,55.572,351.25,0.76
55.496,55.596,351.25,0.76
55.519,55.619,351.25,0.76
55.542,55.642,351.25,0.76
55.565,55.665,351.25,0.83
55.589,55.689,351.25,0.76
55.612,55.712,351.25,0.76
55.635,55.735,351.25,0.37
55.658,55.758,351.25,0.21
55.681,55.781,351.25,0.21
55.705,55.805,353.29,0.24
55.728,55.828,353.29,0.28
55.751,55.851,353.29,0.37
55.774,55.874,353.29,0.48
55.798,55.898,353.29,0.55
55.821,55.921,353.29,0.76
55.844,55.944,353.29,0.83
55.867,55.967,353.29,0.83
55.89,55.99,353.29,0.83
55.914,56.014,353.29,0.83
55.937,56.037,353.29,0.83
55.96,56.06,353.29,0.83
55.983,56.083,353.29,0.83
56.007,56.107,353.29,0.76
56.03,56.13,353.29,0.76
56.053,56.153,353.29,0.76
56.076,56.176,353.29,0.76
56.099,56.199,353.29,0.76
56.123,56.223,353.29,0.69
56.146,56.246,353.29,0.55
56.169,56.269,353.29,0.43
56.192,56.292,351.25,0.32
56.216,56.316,351.25,0.15
56.239,56.339,351.25,0.08
56.262,56.362,349.23,0.04
56.285,56.385,347.22,0.01
56.308,56.408,343.23,0.01
56.332,56.432,297.08,0.01
56.355,56.455,297.08,0.01
56.378,56.478,297.08,0.02
56.401,56.501,297.08,0.03
56.424,56.524,297.08,0.04
56.448,56.548,297.08,0.08
56.471,56.571,297.08,0.13
56.494,56.594,297.08,0.15
56.517,56.617,297.08,0.13
56.541,56.641,297.08,0.13
56.564,56.664,295.37,0.15
56.587,56.687,295.37,0.18
56.61,56.71,295.37,0.18
56.633,56.733,295.37,0.18
56.657,56.757,295.37,0.24
56.68,56.78,295.37,0.24
56.703,56.803,295.37,0.24
56.726,56.826,295.37,0.24
56.75,56.85,295.37,0.21
56.773,56.873,293.66,0.21
56.796,56.896,293.66,0.09
56.819,56.919,293.66,0.07
56.842,56.942,295.37,0.02
56.866,56.966,295.37,0.01
56.959,57.059,349.23,0.01
56.982,57.082,351.25,0.01
57.005,57.105,351.25,0.02
57.028,57.128,351.25,0.07
57.051,57.151,351.25,0.18
57.075,57.175,351.25,0.28
57.098,57.198,351.25,0.37
57.121,57.221,351.25,0.55
57.144,57.244,351.25,0.69
57.168,57.268,351.25,0.76
57.191,57.291,351.25,0.76
57.214,57.314,351.25,0.83
57.237,57.337,351.25,0.89
57.26,57.36,351.25,0.89
57.284,57.384,351.25,0.89
57.307,57.407,351.25,0.89
57.33,57.43,351.25,0.89
57.353,57.453,351.25,0.89
57.377,57.477,351.25,0.89
57.4,57.5,351.25,0.83
57.423,57.523,351.25,0.76
57.446,57.546,351.25,0.69
57.469,57.569,351.25,0.55
57.493,57.593,351.25,0.32
57.516,57.616,349.23,0.09
57.539,57.639,347.22,0.02
57.585,57.685,297.08,0.01
57.609,57.709,297.08,0.01
57.632,57.732,297.08,0.03
57.655,57.755,297.08,0.08
57.678,57.778,297.08,0.13
57.702,57.802,297.08,0.15
57.725,57.825,297.08,0.21
57.748,57.848,297.08,0.32
57.771,57.871,297.08,0.48
57.794,57.894,297.08,0.55
57.818,57.918,297.08,0.55
57.841,57.941,298.8,0.55
57.864,57.964,298.8,0.62
57.887,57.987,297.08,0.76
57.911,58.011,297.08,0.83
57.934,58.034,297.08,0.83
57.957,58.057,297.08,0.76
57.98,58.08,297.08,0.76
58.003,58.103,297.08,0.69
58.027,58.127,297.08,0.62
58.05,58.15,295.37,0.62
58.073,58.173,295.37,0.55
58.096,58.196,295.37,0.55
58.12,58.22,295.37,0.62
58.143,58.243,295.37,0.55
58.166,58.266,295.37,0.55
58.189,58.289,295.37,0.62
58.212,58.312,295.37,0.55
58.236,58.336,295.37,0.62
58.259,58.359,295.37,0.62
58.282,58.382,295.37,0.62
58.305,58.405,295.37,0.62
58.329,58.429,295.37,0.69
58.352,58.452,295.37,0.62
58.375,58.475,295.37,0.61
58.398,58.498,295.37,0.61
58.421,58.521,295.37,0.61
58.445,58.545,295.37,0.61
58.468,58.568,295.37,0.67
58.491,58.591,295.37,0.67
58.514,58.614,295.37,0.67
58.538,58.638,295.37,0.67
58.561,58.661,295.37,0.67
58.584,58.684,295.37,0.67
58.607,58.707,295.37,0.67
58.63,58.73,295.37,0.67
58.654,58.754,295.37,0.6
58.677,58.777,295.37,0.6
58.7,58.8,295.37,0.61
58.723,58.823,295.37,0.68
58.746,58.846,295.37,0.42
58.77,58.87,295.37,0.37
58.793,58.893,295.37,0.24
58.816,58.916,295.37,0.13
58.839,58.939,295.37,0.04
58.863,58.963,295.37,0.02
58.886,58.986,295.37,0.02
58.909,59.009,295.37,0.02
58.932,59.032,295.37,0.05
58.955,59.055,295.37,0.08
58.979,59.079,295.37,0.09
59.002,59.102,295.37,0.13
59.025,59.125,295.37,0.28
59.048,59.148,295.37,0.32
59.072,59.172,295.37,0.32
59.095,59.195,295.37,0.32
59.118,59.218,295.37,0.28
59.141,59.241,295.37,0.28
59.164,59.264,295.37,0.24
59.188,59.288,295.37,0.24
59.211,59.311,295.37,0.28
59.234,59.334,295.37,0.28
59.257,59.357,295.37,0.21
59.281,59.381,293.66,0.18
59.304,59.404,291.97,0.18
59.327,59.427,290.29,0.15
59.35,59.45,290.29,0.09
59.373,59.473,288.62,0.05
59.397,59.497,285.3,0.03
59.42,59.52,280.4,0.02
59.443,59.543,280.4,0.02
59.466,59.566,278.79,0.02
59.49,59.59,277.18,0.01
59.513,59.613,266.2,0.01
59.536,59.636,264.67,0.06
59.559,59.659,264.67,0.15
59.582,59.682,264.67,0.32
59.606,59.706,264.67,0.37
59.629,59.729,264.67,0.48
59.652,59.752,264.67,0.55
59.675,59.775,264.67,0.69
59.699,59.799,264.67,0.83
59.722,59.822,264.67,0.89
59.745,59.845,264.67,0.89
59.768,59.868,264.67,0.89
59.791,59.891,264.67,0.89
59.815,59.915,264.67,0.89
59.838,59.938,264.67,0.89
59.861,59.961,264.67,0.83
59.884,59.984,264.67,0.76
59.907,60.007,263.14,0.76
59.931,60.031,263.14,0.69
59.954,60.054,261.63,0.55
59.977,60.077,260.12,0.48
60.0,60.1,254.18,0.48
60.024,60.124,251.26,0.55
60.047,60.147,249.81,0.48
60.07,60.17,248.37,0.43
60.093,60.193,244.11,0.43
60.116,60.216,242.7,0.37
60.14,60.24,239.91,0.06
60.163,60.263,223.85,0.03
60.186,60.286,223.85,0.11
60.209,60.309,223.85,0.28
60.233,60.333,223.85,0.43
60.256,60.356,223.85,0.62
60.279,60.379,223.85,0.62
60.302,60.402,223.85,0.76
60.325,60.425,223.85,0.76
60.349,60.449,223.85,0.83
60.372,60.472,223.85,0.89
60.395,60.495,223.85,0.89
60.418,60.518,223.85,0.89
60.442,60.542,223.85,0.89
60.465,60.565,225.14,0.89
60.488,60.588,225.14,0.95
60.511,60.611,225.14,0.95
60.534,60.634,225.14,0.95
60.558,60.658,225.14,0.95
60.581,60.681,225.14,0.95
60.604,60.704,225.14,0.95
60.627,60.727,223.85,0.89
60.651,60.751,223.85,0.83
60.674,60.774,223.85,0.76
60.697,60.797,223.85,0.83
60.72,60.82,223.85,0.83
60.743,60.843,223.85,0.55
60.767,60.867,223.85,0.48
60.79,60.89,225.14,0.48
60.813,60.913,229.08,0.55
60.836,60.936,233.08,0.32
60.86,60.96,235.79,0.32
60.883,60.983,238.53,0.15
60.906,61.006,239.91,0.18
60.929,61.029,245.52,0.15
60.952,61.052,249.81,0.09
60.976,61.076,255.65,0.06
60.999,61.099,257.13,0.07
61.022,61.122,258.62,0.07
61.045,61.145,258.62,0.08
61.068,61.168,258.62,0.09
61.092,61.192,260.12,0.08
61.115,61.215,260.12,0.13
61.138,61.238,261.63,0.09
61.161,61.261,261.63,0.13
61.185,61.285,263.14,0.11
61.208,61.308,261.63,0.18
61.231,61.331,264.67,0.18
61.254,61.354,264.67,0.28
61.277,61.377,266.2,0.32
61.301,61.401,266.2,0.43
61.324,61.424,266.2,0.48
61.347,61.447,266.2,0.43
61.37,61.47,264.67,0.43
61.394,61.494,264.67,0.37
61.417,61.517,264.67,0.37
61.44,61.54,264.67,0.28
61.463,61.563,263.14,0.24
61.486,61.586,263.14,0.18
61.51,61.61,263.14,0.15
61.533,61.633,263.14,0.06
61.556,61.656,261.63,0.04
61.579,61.679,261.63,0.02
61.603,61.703,263.14,0.01
61.626,61.726,293.66,0.01
61.649,61.749,293.66,0.02
61.672,61.772,295.37,0.05
61.695,61.795,295.37,0.09
61.719,61.819,295.37,0.13
61.742,61.842,295.37,0.18
61.765,61.865,295.37,0.21
61.788,61.888,297.08,0.28
61.812,61.912,297.08,0.32
61.835,61.935,297.08,0.37
61.858,61.958,297.08,0.48
61.881,61.981,298.8,0.48
61.904,62.004,297.08,0.55
61.928,62.028,297.08,0.62
61.951,62.051,297.08,0.62
61.974,62.074,297.08,0.55
61.997,62.097,297.08,0.43
62.02,62.12,295.37,0.43
62.044,62.144,295.37,0.48
62.067,62.167,295.37,0.48
62.09,62.19,295.37,0.37
62.113,62.213,295.37,0.32
62.137,62.237,295.37,0.24
62.16,62.26,295.37,0.18
62.183,62.283,295.37,0.11
62.206,62.306,297.08,0.01
62.276,62.376,351.25,0.02
62.299,62.399,351.25,0.11
62.322,62.422,351.25,0.21
62.346,62.446,351.25,0.32
62.369,62.469,351.25,0.43
62.392,62.492,351.25,0.62
62.415,62.515,353.29,0.69
62.438,62.538,353.29,0.76
62.462,62.562,353.29,0.76
62.485,62.585,353.29,0.69
62.508,62.608,353.29,0.69
62.531,62.631,353.29,0.62
62.555,62.655,353.29,0.48
62.578,62.678,351.25,0.43
62.601,62.701,351.25,0.28
62.624,62.724,349.23,0.18
62.647,62.747,349.23,0.06
62.671,62.771,347.22,0.02
62.694,62.794,349.23,0.01
62.717,62.817,349.23,0.01
62.74,62.84,349.23,0.01
62.764,62.864,349.23,0.01
62.833,62.933,295.37,0.01
62.856,62.956,295.37,0.01
62.88,62.98,297.08,0.01
62.903,63.003,297.08,0.03
62.926,63.026,297.08,0.06
62.949,63.049,297.08,0.08
62.973,63.073,297.08,0.09
62.996,63.096,297.08,0.15
63.019,63.119,297.08,0.21
63.042,63.142,297.08,0.28
63.065,63.165,297.08,0.24
63.089,63.189,297.08,0.21
63.112,63.212,297.08,0.21
63.135,63.235,297.08,0.15
63.158,63.258,297.08,0.21
63.181,63.281,297.08,0.24
63.205,63.305,295.37,0.24
63.228,63.328,295.37,0.21
63.251,63.351,295.37,0.24
63.274,63.374,293.66,0.15
63.298,63.398,291.97,0.15
63.321,63.421,291.97,0.13
63.344,63.444,288.62,0.07
63.367,63.467,288.62,0.03
63.39,63.49,286.96,0.02
63.414,63.514,286.96,0.01
63.437,63.537,285.3,0.01
63.46,63.56,264.67,0.01
63.483,63.583,264.67,0.07
63.507,63.607,264.67,0.13
63.53,63.63,264.67,0.32
63.553,63.653,264.67,0.37
63.576,63.676,264.67,0.55
63.599,63.699,264.67,0.62
63.623,63.723,264.67,0.69
63.646,63.746,264.67,0.83
63.669,63.769,264.67,0.89
63.692,63.792,264.67,0.83
63.716,63.816,263.14,0.89
63.739,63.839,263.14,0.89
63.762,63.862,263.14,0.89
63.785,63.885,263.14,0.89
63.808,63.908,263.14,0.89
63.832,63.932,263.14,0.89
63.855,63.955,263.14,0.89
63.878,63.978,263.14,0.95
63.901,64.001,263.14,0.89
63.925,64.025,263.14,0.89
63.948,64.048,263.14,0.83
63.971,64.071,263.14,0.76
63.994,64.094,263.14,0.69
64.017,64.117,263.14,0.55
64.041,64.141,264.67,0.48
64.064,64.164,266.2,0.37
64.087,64.187,266.2,0.03
64.11,64.21,263.14,0.02
64.134,64.234,293.66,0.01
64.157,64.257,295.37,0.02
64.18,64.28,295.37,0.03
64.203,64.303,295.37,0.05
64.226,64.326,297.08,0.06
64.25,64.35,297.08,0.07
64.273,64.373,297.08,0.18
64.296,64.396,297.08,0.28
64.319,64.419,298.8,0.28
64.342,64.442,298.8,0.32
64.366,64.466,298.8,0.32
64.389,64.489,298.8,0.37
64.412,64.512,298.8,0.32
64.435,64.535,298.8,0.32
64.459,64.559,297.08,0.21
64.482,64.582,297.08,0.13
64.505,64.605,295.37,0.09
64.528,64.628,291.97,0.07
64.551,64.651,285.3,0.05
64.575,64.675,280.4,0.07
64.598,64.698,277.18,0.07
64.621,64.721,275.59,0.08
64.644,64.744,274.0,0.11
64.668,64.768,272.42,0.15
64.691,64.791,269.29,0.18
64.714,64.814,267.74,0.24
64.737,64.837,266.2,0.37
64.76,64.86,266.2,0.48
64.784,64.884,266.2,0.55
64.807,64.907,266.2,0.48
64.83,64.93,266.2,0.55
64.853,64.953,266.2,0.55
64.877,64.977,266.2,0.62
64.9,65.0,266.2,0.55
64.923,65.023,266.2,0.62
64.946,65.046,267.74,0.55
64.969,65.069,266.2,0.62
64.993,65.093,266.2,0.48
65.016,65.116,266.2,0.48
65.039,65.139,266.2,0.48
65.062,65.162,266.2,0.37
65.086,65.186,266.2,0.43
65.109,65.209,266.2,0.43
65.132,65.232,266.2,0.43
65.155,65.255,266.2,0.37
65.178,65.278,266.2,0.37
65.202,65.302,264.67,0.37
65.225,65.325,264.67,0.37
65.248,65.348,264.67,0.37
65.271,65.371,264.67,0.24
65.295,65.395,261.63,0.21
65.318,65.418,260.12,0.13
65.341,65.441,257.13,0.15
65.364,65.464,254.18,0.15
65.387,65.487,248.37,0.21
65.411,65.511,245.52,0.24
65.434,65.534,244.11,0.24
65.457,65.557,241.3,0.13
65.48,65.58,238.53,0.08
65.503,65.603,237.16,0.02
65.527,65.627,235.79,0.01
65.55,65.65,223.85,0.01
65.573,65.673,223.85,0.03
65.596,65.696,223.85,0.13
65.62,65.72,223.85,0.32
65.643,65.743,223.85,0.48
65.666,65.766,223.85,0.55
65.689,65.789,223.85,0.62
65.712,65.812,223.85,0.76
65.736,65.836,225.14,0.83
65.759,65.859,225.14,0.89
65.782,65.882,225.14,0.89
65.805,65.905,225.14,0.89
65.829,65.929,225.14,0.89
65.852,65.952,225.14,0.89
65.875,65.975,225.14,0.95
65.898,65.998,225.14,0.89
65.921,66.021,225.14,0.89
65.945,66.045,225.14,0.83
65.968,66.068,223.85,0.83
65.991,66.091,223.85,0.83
66.014,66.114,223.85,0.76
66.038,66.138,223.85,0.76
66.061,66.161,222.56,0.76
66.084,66.184,222.56,0.83
66.107,66.207,222.56,0.89
66.13,66.23,222.56,0.89
66.154,66.254,221.27,0.89
66.177,66.277,221.27,0.83
66.2,66.3,221.27,0.83
66.223,66.323,221.27,0.83
66.247,66.347,222.56,0.76
66.27,66.37,222.56,0.48
66.293,66.393,220.0,0.48
66.316,66.416,218.73,0.32
66.339,66.439,218.73,0.15
66.363,66.463,218.73,0.13
66.386,66.486,218.73,0.08
66.409,66.509,204.09,0.09
66.432,66.532,204.09,0.08
66.456,66.556,205.27,0.11
66.479,66.579,205.27,0.24
66.502,66.602,205.27,0.32
66.525,66.625,205.27,0.28
66.548,66.648,205.27,0.18
66.572,66.672,205.27,0.21
66.595,66.695,204.09,0.18
66.618,66.718,202.91,0.13
66.641,66.741,201.74,0.18
66.664,66.764,201.74,0.18
66.688,66.788,200.58,0.21
66.711,66.811,200.58,0.21
66.734,66.834,199.42,0.18
66.757,66.857,199.42,0.18
66.781,66.881,199.42,0.18
66.804,66.904,198.28,0.13
66.827,66.927,198.28,0.11
66.85,66.95,198.28,0.05
66.873,66.973,198.28,0.02
66.897,66.997,198.28,0.01
66.92,67.02,198.28,0.01
66.943,67.043,199.42,0.01
66.966,67.066,200.58,0.01
67.384,67.484,114.54,0.01
67.408,67.508,114.54,0.01
67.431,67.531,113.88,0.01
67.454,67.554,114.54,0.01
67.477,67.577,113.88,0.01
67.5,67.6,114.54,0.01
67.524,67.624,113.88,0.01
67.547,67.647,115.2,0.01
67.57,67.67,113.88,0.01
67.593,67.693,114.54,0.01
67.617,67.717,114.54,0.01
67.64,67.74,114.54,0.01
67.663,67.763,114.54,0.01
67.686,67.786,114.54,0.01
68.034,68.134,175.63,0.01
68.058,68.158,174.61,0.01
68.081,68.181,174.61,0.02
68.104,68.204,174.61,0.03
68.127,68.227,174.61,0.08
68.151,68.251,174.61,0.11
68.174,68.274,174.61,0.18
68.197,68.297,174.61,0.32
68.22,68.32,174.61,0.32
68.243,68.343,174.61,0.32
68.267,68.367,174.61,0.24
68.29,68.39,174.61,0.24
68.313,68.413,174.61,0.28
68.336,68.436,174.61,0.32
68.36,68.46,174.61,0.32
68.383,68.483,174.61,0.21
68.406,68.506,174.61,0.21
68.429,68.529,174.61,0.28
68.452,68.552,174.61,0.28
68.476,68.576,174.61,0.32
68.499,68.599,174.61,0.24
68.522,68.622,174.61,0.24
68.545,68.645,174.61,0.32
68.569,68.669,174.61,0.28
68.592,68.692,174.61,0.18
68.615,68.715,174.61,0.11
68.638,68.738,174.61,0.05
68.661,68.761,175.63,0.03
68.685,68.785,175.63,0.01
68.754,68.854,197.13,0.01
68.778,68.878,198.28,0.01
68.801,68.901,198.28,0.01
68.824,68.924,198.28,0.01
68.847,68.947,198.28,0.02
68.87,68.97,198.28,0.02
68.894,68.994,198.28,0.02
68.917,69.017,198.28,0.03
68.94,69.04,198.28,0.06
68.963,69.063,198.28,0.07
68.986,69.086,198.28,0.07
69.01,69.11,198.28,0.08
69.033,69.133,198.28,0.11
69.056,69.156,198.28,0.08
69.079,69.179,198.28,0.03
69.103,69.203,198.28,0.02
69.126,69.226,198.28,0.02
69.149,69.249,198.28,0.02
69.172,69.272,199.42,0.01
69.195,69.295,208.86,0.01
69.219,69.319,210.07,0.01
69.242,69.342,212.51,0.01
69.265,69.365,218.73,0.01
69.288,69.388,218.73,0.01
69.312,69.412,223.85,0.01
69.335,69.435,223.85,0.03
69.358,69.458,223.85,0.13
69.381,69.481,223.85,0.32
69.404,69.504,223.85,0.48
69.428,69.528,223.85,0.55
69.451,69.551,223.85,0.62
69.474,69.574,223.85,0.69
69.497,69.597,223.85,0.83
69.521,69.621,223.85,0.83
69.544,69.644,223.85,0.89
69.567,69.667,223.85,0.89
69.59,69.69,223.85,0.89
69.613,69.713,223.85,0.89
69.637,69.737,223.85,0.89
69.66,69.76,223.85,0.89
69.683,69.783,223.85,0.89
69.706,69.806,223.85,0.89
69.73,69.83,223.85,0.89
69.753,69.853,223.85,0.89
69.776,69.876,223.85,0.89
69.799,69.899,223.85,0.89
69.822,69.922,223.85,0.89
69.846,69.946,223.85,0.89
69.869,69.969,223.85,0.89
69.892,69.992,223.85,0.89
69.915,70.015,223.85,0.95
69.939,70.039,223.85,0.95
69.962,70.062,223.85,0.89
69.985,70.085,223.85,0.95
70.008,70.108,223.85,0.89
70.031,70.131,223.85,0.89
70.055,70.155,223.85,0.89
70.078,70.178,223.85,0.89
70.101,70.201,223.85,0.89
70.124,70.224,223.85,0.89
70.147,70.247,223.85,0.95
70.171,70.271,223.85,0.89
70.194,70.294,223.85,0.95
70.217,70.317,223.85,0.95
70.24,70.34,223.85,0.95
70.264,70.364,223.85,0.95
70.287,70.387,223.85,0.95
70.31,70.41,223.85,0.95
70.333,70.433,223.85,0.95
70.356,70.456,223.85,0.89
70.38,70.48,223.85,0.89
70.403,70.503,223.85,0.89
70.426,70.526,223.85,0.83
70.449,70.549,223.85,0.69
70.473,70.573,223.85,0.55
70.496,70.596,223.85,0.43
70.519,70.619,223.85,0.18
70.542,70.642,223.85,0.11
70.565,70.665,223.85,0.09
70.589,70.689,223.85,0.18
70.612,70.712,223.85,0.32
70.635,70.735,223.85,0.48
70.658,70.758,223.85,0.55
70.682,70.782,223.85,0.62
70.705,70.805,223.85,0.76
70.728,70.828,223.85,0.83
70.751,70.851,223.85,0.83
70.774,70.874,223.85,0.83
70.798,70.898,223.85,0.83
70.821,70.921,223.85,0.83
70.844,70.944,223.85,0.83
70.867,70.967,223.85,0.83
70.891,70.991,223.85,0.89
70.914,71.014,223.85,0.89
70.937,71.037,223.85,0.83
70.96,71.06,223.85,0.89
70.983,71.083,223.85,0.89
71.007,71.107,223.85,0.89
71.03,71.13,223.85,0.89
71.053,71.153,223.85,0.89
71.076,71.176,223.85,0.89
71.1,71.2,223.85,0.83
71.123,71.223,223.85,0.89
71.146,71.246,223.85,0.89
71.169,71.269,223.85,0.89
71.192,71.292,223.85,0.95
71.216,71.316,223.85,0.95
71.239,71.339,223.85,0.95
71.262,71.362,223.85,0.89
71.285,71.385,223.85,0.95
71.308,71.408,223.85,0.95
71.332,71.432,223.85,0.89
71.355,71.455,223.85,0.89
71.378,71.478,223.85,0.89
71.401,71.501,223.85,0.89
71.425,71.525,223.85,0.89
71.448,71.548,223.85,0.89
71.471,71.571,223.85,0.89
71.494,71.594,223.85,0.89
71.517,71.617,223.85,0.89
71.541,71.641,223.85,0.89
71.564,71.664,223.85,0.83
71.587,71.687,223.85,0.76
71.61,71.71,223.85,0.69
71.634,71.734,223.85,0.55
71.657,71.757,223.85,0.32
71.68,71.78,223.85,0.03
71.703,71.803,223.85,0.02
71.726,71.826,223.85,0.08
71.75,71.85,223.85,0.21
71.773,71.873,223.85,0.37
71.796,71.896,223.85,0.37
71.819,71.919,223.85,0.48
71.843,71.943,223.85,0.55
71.866,71.966,223.85,0.76
71.889,71.989,223.85,0.83
71.912,72.012,223.85,0.83
71.935,72.035,223.85,0.83
71.959,72.059,222.56,0.89
71.982,72.082,222.56,0.89
72.005,72.105,222.56,0.89
72.028,72.128,222.56,0.89
72.052,72.152,222.56,0.89
72.075,72.175,222.56,0.95
72.098,72.198,222.56,0.95
72.121,72.221,222.56,0.95
72.144,72.244,222.56,0.98
72.168,72.268,222.56,0.95
72.191,72.291,221.27,0.95
72.214,72.314,221.27,0.89
72.237,72.337,221.27,0.83
72.26,72.36,222.56,0.83
72.284,72.384,222.56,0.76
72.307,72.407,222.56,0.69
72.33,72.43,222.56,0.48
72.353,72.453,220.0,0.37
72.377,72.477,218.73,0.32
72.4,72.5,217.47,0.18
72.423,72.523,216.22,0.07
72.446,72.546,216.22,0.04
72.469,72.569,199.42,0.04
72.493,72.593,199.42,0.08
72.516,72.616,199.42,0.09
72.539,72.639,199.42,0.13
72.562,72.662,199.42,0.11
72.586,72.686,199.42,0.13
72.609,72.709,199.42,0.13
72.632,72.732,199.42,0.09
72.655,72.755,199.42,0.15
72.678,72.778,199.42,0.11
72.702,72.802,198.28,0.09
72.725,72.825,198.28,0.06
72.748,72.848,198.28,0.07
72.771,72.871,199.42,0.03
72.795,72.895,200.58,0.03
72.818,72.918,204.09,0.03
72.841,72.941,210.07,0.04
72.864,72.964,212.51,0.03
72.887,72.987,216.22,0.05
72.911,73.011,220.0,0.03
72.934,73.034,225.14,0.03
72.957,73.057,231.74,0.06
72.98,73.08,231.74,0.18
73.004,73.104,233.08,0.18
73.027,73.127,244.11,0.03
73.05,73.15,260.12,0.06
73.073,73.173,261.63,0.15
73.096,73.196,263.14,0.21
73.12,73.22,263.14,0.28
73.143,73.243,263.14,0.43
73.166,73.266,263.14,0.55
73.189,73.289,263.14,0.69
73.213,73.313,263.14,0.69
73.236,73.336,263.14,0.76
73.259,73.359,263.14,0.69
73.282,73.382,263.14,0.76
73.305,73.405,263.14,0.76
73.329,73.429,263.14,0.83
73.352,73.452,263.14,0.76
73.375,73.475,263.14,0.69
73.398,73.498,263.14,0.62
73.421,73.521,261.63,0.62
73.445,73.545,261.63,0.55
73.468,73.568,260.12,0.55
73.491,73.591,255.65,0.55
73.514,73.614,252.71,0.55
73.538,73.638,251.26,0.48
73.561,73.661,251.26,0.32
73.584,73.684,251.26,0.05
73.607,73.707,237.16,0.02
73.63,73.73,223.85,0.03
73.654,73.754,223.85,0.11
73.677,73.777,222.56,0.24
73.7,73.8,222.56,0.37
73.723,73.823,222.56,0.43
73.747,73.847,222.56,0.62
73.77,73.87,222.56,0.76
73.793,73.893,222.56,0.83
73.816,73.916,223.85,0.83
73.839,73.939,223.85,0.76
73.863,73.963,223.85,0.89
73.886,73.986,223.85,0.89
73.909,74.009,222.56,0.89
73.932,74.032,222.56,0.89
73.956,74.056,222.56,0.89
73.979,74.079,222.56,0.89
74.002,74.102,222.56,0.89
74.025,74.125,222.56,0.89
74.048,74.148,222.56,0.95
74.072,74.172,222.56,0.95
74.095,74.195,222.56,0.95
74.118,74.218,222.56,0.95
74.141,74.241,222.56,0.89
74.165,74.265,222.56,0.83
74.188,74.288,221.27,0.48
74.211,74.311,216.22,0.32
74.234,74.334,216.22,0.21
74.257,74.357,214.98,0.11
74.281,74.381,214.98,0.07
74.304,74.404,214.98,0.05
74.327,74.427,200.58,0.06
74.35,74.45,200.58,0.09
74.374,74.474,200.58,0.06
74.397,74.497,201.74,0.06
74.42,74.52,202.91,0.08
74.443,74.543,202.91,0.21
74.466,74.566,204.09,0.32
74.49,74.59,204.09,0.48
74.513,74.613,204.09,0.55
74.536,74.636,204.09,0.62
74.559,74.659,204.09,0.69
74.582,74.682,204.09,0.76
74.606,74.706,204.09,0.76
74.629,74.729,204.09,0.62
74.652,74.752,204.09,0.69
74.675,74.775,204.09,0.62
74.699,74.799,202.91,0.55
74.722,74.822,202.91,0.48
74.745,74.845,202.91,0.48
74.768,74.868,202.91,0.48
74.791,74.891,201.74,0.48
74.815,74.915,201.74,0.48
74.838,74.938,201.74,0.48
74.861,74.961,201.74,0.37
74.884,74.984,201.74,0.32
74.908,75.008,200.58,0.37
74.931,75.031,200.58,0.37
74.954,75.054,200.58,0.37
74.977,75.077,200.58,0.32
75.0,75.1,200.58,0.32
75.024,75.124,199.42,0.28
75.047,75.147,199.42,0.28
75.07,75.17,199.42,0.21
75.093,75.193,199.42,0.15
75.117,75.217,199.42,0.09
75.14,75.24,198.28,0.07
75.163,75.263,198.28,0.03
75.186,75.286,198.28,0.02
75.209,75.309,198.28,0.01
75.233,75.333,198.28,0.01
75.256,75.356,198.28,0.01
75.279,75.379,198.28,0.01
75.302,75.402,198.28,0.01
75.326,75.426,197.13,0.01
75.349,75.449,197.13,0.01
75.372,75.472,196.0,0.01
75.395,75.495,197.13,0.01
75.418,75.518,197.13,0.01
75.442,75.542,174.61,0.01
75.465,75.565,174.61,0.01
75.488,75.588,174.61,0.01
75.511,75.611,174.61,0.01
75.535,75.635,174.61,0.03
75.558,75.658,174.61,0.05
75.581,75.681,174.61,0.11
75.604,75.704,174.61,0.18
75.627,75.727,174.61,0.28
75.651,75.751,174.61,0.32
75.674,75.774,174.61,0.28
75.697,75.797,174.61,0.32
75.72,75.82,174.61,0.32
75.743,75.843,174.61,0.24
75.767,75.867,174.61,0.28
75.79,75.89,174.61,0.28
75.813,75.913,174.61,0.32
75.836,75.936,174.61,0.32
75.86,75.96,174.61,0.32
75.883,75.983,174.61,0.37
75.906,76.006,174.61,0.37
75.929,76.029,174.61,0.48
75.952,76.052,174.61,0.55
75.976,76.076,174.61,0.62
75.999,76.099,174.61,0.32
76.022,76.122,174.61,0.21
76.045,76.145,174.61,0.07
76.069,76.169,174.61,0.03
76.092,76.192,175.63,0.01
76.115,76.215,175.63,0.01
76.161,76.261,200.58,0.01
76.185,76.285,200.58,0.01
76.208,76.308,200.58,0.01
76.231,76.331,200.58,0.03
76.254,76.354,200.58,0.05
76.278,76.378,200.58,0.08
76.301,76.401,200.58,0.15
76.324,76.424,200.58,0.15
76.347,76.447,200.58,0.18
76.37,76.47,200.58,0.18
76.394,76.494,200.58,0.08
76.417,76.517,200.58,0.07
76.44,76.54,199.42,0.03
76.463,76.563,199.42,0.01
76.487,76.587,198.28,0.01
76.51,76.61,198.28,0.01
76.533,76.633,199.42,0.01
76.556,76.656,200.58,0.01
76.579,76.679,200.58,0.01
76.603,76.703,200.58,0.01
76.626,76.726,201.74,0.01
76.649,76.749,200.58,0.01
76.672,76.772,174.61,0.01
76.696,76.796,174.61,0.01
76.719,76.819,174.61,0.02
76.742,76.842,174.61,0.05
76.765,76.865,174.61,0.08
76.788,76.888,174.61,0.15
76.812,76.912,174.61,0.21
76.835,76.935,174.61,0.37
76.858,76.958,174.61,0.43
76.881,76.981,174.61,0.43
76.904,77.004,174.61,0.48
76.928,77.028,174.61,0.55
76.951,77.051,174.61,0.48
76.974,77.074,174.61,0.48
76.997,77.097,174.61,0.48
77.021,77.121,174.61,0.62
77.044,77.144,174.61,0.48
77.067,77.167,174.61,0.48
77.09,77.19,174.61,0.48
77.113,77.213,174.61,0.48
77.137,77.237,174.61,0.55
77.16,77.26,174.61,0.48
77.183,77.283,174.61,0.55
77.206,77.306,174.61,0.55
77.23,77.33,174.61,0.55
77.253,77.353,174.61,0.43
77.276,77.376,174.61,0.37
77.299,77.399,174.61,0.28
77.322,77.422,174.61,0.24
77.346,77.446,174.61,0.18
77.369,77.469,174.61,0.09
77.392,77.492,174.61,0.06
77.415,77.515,175.63,0.03
77.439,77.539,175.63,0.01
77.462,77.562,175.63,0.01
77.485,77.585,175.63,0.01
77.508,77.608,175.63,0.01
77.88,77.98,65.41,0.01
77.903,78.003,65.41,0.01
77.926,78.026,65.41,0.01
77.949,78.049,65.41,0.01
77.973,78.073,65.41,0.01
77.996,78.096,65.41,0.01
78.019,78.119,65.41,0.01
78.042,78.142,65.41,0.01
78.065,78.165,65.41,0.01
78.089,78.189,71.33,0.01
78.112,78.212,71.33,0.01
78.135,78.235,65.41,0.01
78.158,78.258,72.15,0.01
78.182,78.282,72.15,0.01
78.205,78.305,65.41,0.01
78.228,78.328,71.33,0.01
78.251,78.351,71.33,0.01
78.274,78.374,71.33,0.01
78.298,78.398,72.15,0.01
78.321,78.421,71.74,0.01
78.344,78.444,72.15,0.01
78.367,78.467,73.84,0.01
78.391,78.491,65.41,0.01
78.414,78.514,65.41,0.01
78.437,78.537,65.41,0.01
78.46,78.56,65.79,0.01
78.483,78.583,66.55,0.01
78.507,78.607,66.17,0.01
78.53,78.63,66.55,0.01
78.553,78.653,66.94,0.01
79.25,79.35,198.28,0.01
79.273,79.373,198.28,0.01
79.296,79.396,198.28,0.02
79.319,79.419,198.28,0.02
79.343,79.443,198.28,0.06
79.366,79.466,198.28,0.09
79.389,79.489,198.28,0.13
79.412,79.512,198.28,0.28
79.435,79.535,198.28,0.24
79.459,79.559,198.28,0.24
79.482,79.582,198.28,0.24
79.505,79.605,198.28,0.21
79.528,79.628,198.28,0.11
79.552,79.652,198.28,0.07
79.575,79.675,198.28,0.04
79.598,79.698,198.28,0.02
79.621,79.721,198.28,0.01
79.644,79.744,197.13,0.01
79.668,79.768,194.87,0.01
79.691,79.791,192.63,0.01
79.83,79.93,175.63,0.01
79.853,79.953,175.63,0.01
79.877,79.977,175.63,0.01
79.9,80.0,174.61,0.02
79.923,80.023,174.61,0.05
79.946,80.046,174.61,0.08
79.97,80.07,174.61,0.15
79.993,80.093,174.61,0.18
80.016,80.116,174.61,0.37
80.039,80.139,174.61,0.37
80.062,80.162,174.61,0.43
80.086,80.186,174.61,0.43
80.109,80.209,174.61,0.37
80.132,80.232,174.61,0.43
80.155,80.255,174.61,0.43
80.179,80.279,174.61,0.48
80.202,80.302,174.61,0.48
80.225,80.325,174.61,0.43
80.248,80.348,174.61,0.48
80.271,80.371,174.61,0.55
80.295,80.395,174.61,0.32
80.318,80.418,174.61,0.07
80.341,80.441,175.63,0.01
80.387,80.487,229.08,0.01
80.411,80.511,226.45,0.02
80.434,80.534,225.14,0.03
80.457,80.557,223.85,0.11
80.48,80.58,222.56,0.15
80.504,80.604,221.27,0.09
80.527,80.627,222.56,0.08
80.55,80.65,222.56,0.15
80.573,80.673,222.56,0.18
80.596,80.696,222.56,0.28
80.62,80.72,222.56,0.48
80.643,80.743,222.56,0.62
80.666,80.766,222.56,0.76
80.689,80.789,222.56,0.83
80.713,80.813,222.56,0.76
80.736,80.836,222.56,0.83
80.759,80.859,222.56,0.83
80.782,80.882,222.56,0.89
80.805,80.905,222.56,0.95
80.829,80.929,221.27,0.95
80.852,80.952,221.27,0.95
80.875,80.975,221.27,0.95
80.898,80.998,221.27,0.89
80.922,81.022,221.27,0.83
80.945,81.045,221.27,0.76
80.968,81.068,222.56,0.62
80.991,81.091,222.56,0.55
81.014,81.114,222.56,0.55
81.038,81.138,222.56,0.62
81.061,81.161,222.56,0.69
81.084,81.184,223.85,0.69
81.107,81.207,223.85,0.48
81.131,81.231,225.14,0.13
81.154,81.254,225.14,0.08
81.177,81.277,230.4,0.03
81.2,81.3,231.74,0.02
81.223,81.323,200.58,0.01
81.247,81.347,200.58,0.01
81.27,81.37,200.58,0.02
81.293,81.393,201.74,0.03
81.316,81.416,201.74,0.08
81.34,81.44,201.74,0.13
81.363,81.463,201.74,0.24
81.386,81.486,202.91,0.37
81.409,81.509,202.91,0.37
81.432,81.532,202.91,0.48
81.456,81.556,202.91,0.62
81.479,81.579,202.91,0.62
81.502,81.602,202.91,0.62
81.525,81.625,202.91,0.48
81.548,81.648,202.91,0.62
81.572,81.672,202.91,0.69
81.595,81.695,202.91,0.62
81.618,81.718,201.74,0.48
81.641,81.741,201.74,0.43
81.665,81.765,201.74,0.48
81.688,81.788,201.74,0.48
81.711,81.811,201.74,0.37
81.734,81.834,201.74,0.15
81.757,81.857,200.58,0.06
81.781,81.881,200.58,0.02
81.804,81.904,199.42,0.01
81.827,81.927,199.42,0.01
81.85,81.95,175.63,0.01
81.874,81.974,175.63,0.01
81.897,81.997,174.61,0.01
81.92,82.02,174.61,0.03
81.943,82.043,174.61,0.08
81.966,82.066,174.61,0.11
81.99,82.09,174.61,0.07
82.013,82.113,174.61,0.08
82.036,82.136,174.61,0.09
82.059,82.159,174.61,0.09
82.083,82.183,174.61,0.09
82.106,82.206,174.61,0.11
82.129,82.229,174.61,0.09
82.152,82.252,174.61,0.13
82.175,82.275,174.61,0.13
82.199,82.299,174.61,0.08
82.222,82.322,174.61,0.07
82.245,82.345,174.61,0.08
82.268,82.368,174.61,0.08
82.292,82.392,174.61,0.04
82.315,82.415,174.61,0.03
82.338,82.438,174.61,0.02
82.361,82.461,174.61,0.01
82.384,82.484,175.63,0.01
82.408,82.508,196.0,0.01
82.431,82.531,197.13,0.01
82.454,82.554,197.13,0.01
82.477,82.577,197.13,0.01
82.5,82.6,197.13,0.01
82.524,82.624,197.13,0.02
82.547,82.647,197.13,0.02
82.57,82.67,198.28,0.02
82.593,82.693,199.42,0.03
82.617,82.717,199.42,0.04
82.64,82.74,200.58,0.06
82.663,82.763,200.58,0.09
82.686,82.786,201.74,0.13
82.709,82.809,201.74,0.15
82.733,82.833,202.91,0.24
82.756,82.856,204.09,0.32
82.779,82.879,204.09,0.37
82.802,82.902,205.27,0.43
82.826,82.926,205.27,0.55
82.849,82.949,205.27,0.48
82.872,82.972,205.27,0.43
82.895,82.995,205.27,0.43
82.918,83.018,204.09,0.43
82.942,83.042,204.09,0.37
82.965,83.065,202.91,0.24
82.988,83.088,202.91,0.24
83.011,83.111,200.58,0.28
83.035,83.135,200.58,0.28
83.058,83.158,199.42,0.21
83.081,83.181,199.42,0.18
83.104,83.204,199.42,0.09
83.127,83.227,199.42,0.06
83.151,83.251,199.42,0.03
83.174,83.274,199.42,0.02
83.197,83.297,199.42,0.02
83.22,83.32,200.58,0.02
83.244,83.344,200.58,0.01
83.267,83.367,200.58,0.02
83.29,83.39,200.58,0.04
83.313,83.413,199.42,0.04
83.336,83.436,199.42,0.03
83.36,83.46,199.42,0.02
83.383,83.483,199.42,0.01
83.592,83.692,175.63,0.01
83.615,83.715,175.63,0.01
83.638,83.738,175.63,0.01
83.661,83.761,175.63,0.02
83.685,83.785,175.63,0.04
83.708,83.808,175.63,0.05
83.731,83.831,175.63,0.15
83.754,83.854,175.63,0.32
83.778,83.878,174.61,0.32
83.801,83.901,174.61,0.32
83.824,83.924,174.61,0.37
83.847,83.947,174.61,0.32
83.87,83.97,174.61,0.37
83.894,83.994,174.61,0.43
83.917,84.017,174.61,0.48
83.94,84.04,174.61,0.43
83.963,84.063,174.61,0.37
83.987,84.087,174.61,0.37
84.01,84.11,174.61,0.43
84.033,84.133,174.61,0.43
84.056,84.156,174.61,0.48
84.079,84.179,174.61,0.48
84.103,84.203,174.61,0.48
84.126,84.226,174.61,0.62
84.149,84.249,174.61,0.55
84.172,84.272,174.61,0.48
84.196,84.296,174.61,0.43
84.219,84.319,174.61,0.43
84.242,84.342,174.61,0.43
84.265,84.365,174.61,0.48
84.288,84.388,174.61,0.48
84.312,84.412,174.61,0.43
84.335,84.435,174.61,0.48
84.358,84.458,174.61,0.48
84.381,84.481,174.61,0.55
84.405,84.505,174.61,0.48
84.428,84.528,174.61,0.48
84.451,84.551,174.61,0.43
84.474,84.574,174.61,0.43
84.497,84.597,174.61,0.32
84.521,84.621,174.61,0.28
84.544,84.644,174.61,0.21
84.567,84.667,174.61,0.18
84.59,84.69,174.61,0.18
84.614,84.714,174.61,0.18
84.637,84.737,174.61,0.18
84.66,84.76,174.61,0.24
84.683,84.783,174.61,0.28
84.706,84.806,174.61,0.28
84.73,84.83,174.61,0.32
84.753,84.853,174.61,0.28
84.776,84.876,174.61,0.32
84.799,84.899,174.61,0.28
84.822,84.922,174.61,0.18
84.846,84.946,174.61,0.08
84.869,84.969,174.61,0.01
84.892,84.992,175.63,0.01
84.915,85.015,175.63,0.02
84.939,85.039,175.63,0.06
84.962,85.062,175.63,0.11
84.985,85.085,175.63,0.15
85.008,85.108,175.63,0.21
85.031,85.131,175.63,0.37
85.055,85.155,175.63,0.55
85.078,85.178,175.63,0.55
85.101,85.201,175.63,0.48
85.124,85.224,175.63,0.55
85.148,85.248,175.63,0.55
85.171,85.271,175.63,0.55
85.194,85.294,175.63,0.55
85.217,85.317,174.61,0.62
85.24,85.34,174.61,0.69
85.264,85.364,174.61,0.69
85.287,85.387,174.61,0.69
85.31,85.41,174.61,0.69
85.333,85.433,174.61,0.69
85.357,85.457,174.61,0.76
85.38,85.48,174.61,0.76
85.403,85.503,174.61,0.76
85.426,85.526,174.61,0.76
85.449,85.549,174.61,0.76
85.473,85.573,174.61,0.62
85.496,85.596,174.61,0.62
85.519,85.619,174.61,0.62
85.542,85.642,174.61,0.55
85.566,85.666,174.61,0.48
85.589,85.689,174.61,0.43
85.612,85.712,174.61,0.43
85.635,85.735,174.61,0.48
85.658,85.758,174.61,0.55
85.682,85.782,174.61,0.62
85.705,85.805,174.61,0.62
85.728,85.828,174.61,0.69
85.751,85.851,174.61,0.69
85.775,85.875,174.61,0.69
85.798,85.898,174.61,0.76
85.821,85.921,174.61,0.69
85.844,85.944,174.61,0.69
85.867,85.967,174.61,0.69
85.891,85.991,174.61,0.69
85.914,86.014,174.61,0.69
85.937,86.037,174.61,0.55
85.96,86.06,174.61,0.37
85.983,86.083,174.61,0.13
86.007,86.107,174.61,0.03
86.03,86.13,175.63,0.01
86.053,86.153,175.63,0.01
86.076,86.176,199.42,0.01
86.1,86.2,226.45,0.01
86.123,86.223,225.14,0.01
86.146,86.246,220.0,0.02
86.169,86.269,220.0,0.09
86.192,86.292,220.0,0.24
86.216,86.316,221.27,0.37
86.239,86.339,221.27,0.55
86.262,86.362,222.56,0.62
86.285,86.385,222.56,0.69
86.309,86.409,222.56,0.76
86.332,86.432,222.56,0.83
86.355,86.455,222.56,0.89
86.378,86.478,222.56,0.89
86.401,86.501,222.56,0.83
86.425,86.525,222.56,0.89
86.448,86.548,222.56,0.95
86.471,86.571,222.56,0.89
86.494,86.594,222.56,0.89
86.518,86.618,222.56,0.89
86.541,86.641,222.56,0.89
86.564,86.664,223.85,0.95
86.587,86.687,223.85,0.95
86.61,86.71,223.85,0.89
86.634,86.734,223.85,0.89
86.657,86.757,223.85,0.95
86.68,86.78,223.85,0.95
86.703,86.803,223.85,0.95
86.727,86.827,223.85,0.98
86.75,86.85,223.85,0.98
86.773,86.873,223.85,0.98
86.796,86.896,223.85,0.95
86.819,86.919,223.85,0.89
86.843,86.943,223.85,0.89
86.866,86.966,223.85,0.83
86.889,86.989,223.85,0.83
86.912,87.012,223.85,0.83
86.936,87.036,223.85,0.83
86.959,87.059,223.85,0.89
86.982,87.082,223.85,0.95
87.005,87.105,223.85,0.95
87.028,87.128,223.85,0.89
87.052,87.152,223.85,0.89
87.075,87.175,223.85,0.95
87.098,87.198,223.85,0.89
87.121,87.221,223.85,0.89
87.144,87.244,223.85,0.89
87.168,87.268,223.85,0.89
87.191,87.291,223.85,0.89
87.214,87.314,223.85,0.89
87.237,87.337,222.56,0.83
87.261,87.361,222.56,0.89
87.284,87.384,222.56,0.95
87.307,87.407,222.56,0.95
87.33,87.43,222.56,0.89
87.353,87.453,222.56,0.95
87.377,87.477,222.56,0.89
87.4,87.5,222.56,0.89
87.423,87.523,225.14,0.62
87.446,87.546,230.4,0.21
87.47,87.57,235.79,0.28
87.493,87.593,241.3,0.18
87.516,87.616,248.37,0.13
87.539,87.639,251.26,0.11
87.562,87.662,258.62,0.18
87.586,87.686,261.63,0.28
87.609,87.709,261.63,0.43
87.632,87.732,263.14,0.55
87.655,87.755,264.67,0.69
87.679,87.779,263.14,0.76
87.702,87.802,263.14,0.76
87.725,87.825,263.14,0.89
87.748,87.848,263.14,0.76
87.771,87.871,263.14,0.83
87.795,87.895,263.14,0.89
87.818,87.918,263.14,0.83
87.841,87.941,263.14,0.89
87.864,87.964,263.14,0.89
87.888,87.988,264.67,0.83
87.911,88.011,264.67,0.89
87.934,88.034,264.67,0.83
87.957,88.057,264.67,0.83
87.98,88.08,264.67,0.89
88.004,88.104,264.67,0.83
88.027,88.127,264.67,0.76
88.05,88.15,264.67,0.83
88.073,88.173,264.67,0.83
88.097,88.197,264.67,0.83
88.12,88.22,264.67,0.83
88.143,88.243,264.67,0.76
88.166,88.266,264.67,0.76
88.189,88.289,264.67,0.83
88.213,88.313,264.67,0.76
88.236,88.336,264.67,0.76
88.259,88.359,264.67,0.76
88.282,88.382,264.67,0.76
88.305,88.405,264.67,0.83
88.329,88.429,264.67,0.83
88.352,88.452,264.67,0.83
88.375,88.475,264.67,0.83
88.398,88.498,264.67,0.76
88.422,88.522,264.67,0.76
88.445,88.545,264.67,0.76
88.468,88.568,264.67,0.69
88.491,88.591,264.67,0.69
88.514,88.614,264.67,0.62
88.538,88.638,264.67,0.69
88.561,88.661,264.67,0.69
88.584,88.684,264.67,0.55
88.607,88.707,264.67,0.55
88.631,88.731,264.67,0.48
88.654,88.754,264.67,0.28
88.677,88.777,264.67,0.04
88.7,88.8,264.67,0.15
88.723,88.823,264.67,0.21
88.747,88.847,264.67,0.32
88.77,88.87,266.2,0.43
88.793,88.893,266.2,0.55
88.816,88.916,266.2,0.55
88.84,88.94,266.2,0.69
88.863,88.963,266.2,0.83
88.886,88.986,266.2,0.89
88.909,89.009,266.2,0.83
88.932,89.032,266.2,0.89
88.956,89.056,266.2,0.83
88.979,89.079,266.2,0.89
89.002,89.102,266.2,0.89
89.025,89.125,266.2,0.89
89.049,89.149,266.2,0.83
89.072,89.172,266.2,0.83
89.095,89.195,266.2,0.89
89.118,89.218,266.2,0.83
89.141,89.241,266.2,0.83
89.165,89.265,266.2,0.83
89.188,89.288,266.2,0.76
89.211,89.311,266.2,0.76
89.234,89.334,266.2,0.76
89.258,89.358,266.2,0.76
89.281,89.381,266.2,0.76
89.304,89.404,266.2,0.76
89.327,89.427,264.67,0.83
89.35,89.45,264.67,0.83
89.374,89.474,264.67,0.83
89.397,89.497,264.67,0.76
89.42,89.52,264.67,0.76
89.443,89.543,264.67,0.76
89.466,89.566,264.67,0.69
89.49,89.59,264.67,0.69
89.513,89.613,264.67,0.62
89.536,89.636,264.67,0.62
89.559,89.659,264.67,0.62
89.583,89.683,264.67,0.62
89.606,89.706,264.67,0.62
89.629,89.729,263.14,0.62
89.652,89.752,263.14,0.69
89.675,89.775,263.14,0.76
89.699,89.799,263.14,0.76
89.722,89.822,263.14,0.83
89.745,89.845,263.14,0.76
89.768,89.868,263.14,0.69
89.792,89.892,263.14,0.48
89.815,89.915,263.14,0.37
89.838,89.938,263.14,0.21
89.861,89.961,264.67,0.01
89.884,89.984,263.14,0.01
89.908,90.008,293.66,0.01
89.931,90.031,295.37,0.02
89.954,90.054,295.37,0.05
89.977,90.077,295.37,0.08
90.001,90.101,295.37,0.09
90.024,90.124,295.37,0.13
90.047,90.147,297.08,0.28
90.07,90.17,297.08,0.32
90.093,90.193,297.08,0.32
90.117,90.217,297.08,0.24
90.14,90.24,297.08,0.32
90.163,90.263,295.37,0.37
90.186,90.286,295.37,0.37
90.21,90.31,295.37,0.32
90.233,90.333,293.66,0.32
90.256,90.356,290.29,0.32
90.279,90.379,288.62,0.28
90.302,90.402,286.96,0.24
90.326,90.426,282.03,0.18
90.349,90.449,278.79,0.18
90.372,90.472,277.18,0.15
90.395,90.495,275.59,0.15
90.419,90.519,275.59,0.05
90.442,90.542,277.18,0.02
90.465,90.565,280.4,0.02
90.488,90.588,269.29,0.01
90.511,90.611,264.67,0.04
90.535,90.635,264.67,0.15
90.558,90.658,264.67,0.28
90.581,90.681,264.67,0.43
90.604,90.704,264.67,0.48
90.627,90.727,264.67,0.55
90.651,90.751,264.67,0.62
90.674,90.774,264.67,0.76
90.697,90.797,264.67,0.76
90.72,90.82,263.14,0.83
90.744,90.844,263.14,0.83
90.767,90.867,263.14,0.83
90.79,90.89,263.14,0.76
90.813,90.913,263.14,0.76
90.836,90.936,264.67,0.62
90.86,90.96,264.67,0.43
90.883,90.983,266.2,0.24
90.906,91.006,266.2,0.11
90.929,91.029,267.74,0.05
90.953,91.053,272.42,0.02
90.976,91.076,274.0,0.01
90.999,91.099,275.59,0.01
91.022,91.122,275.59,0.01
91.092,91.192,353.29,0.01
91.115,91.215,351.25,0.01
91.138,91.238,353.29,0.01
91.162,91.262,353.29,0.04
91.185,91.285,353.29,0.11
91.208,91.308,353.29,0.21
91.231,91.331,353.29,0.32
91.254,91.354,353.29,0.43
91.278,91.378,353.29,0.62
91.301,91.401,353.29,0.83
91.324,91.424,353.29,0.89
91.347,91.447,353.29,0.89
91.371,91.471,353.29,0.89
91.394,91.494,353.29,0.89
91.417,91.517,353.29,0.89
91.44,91.54,353.29,0.83
91.463,91.563,353.29,0.83
91.487,91.587,353.29,0.83
91.51,91.61,353.29,0.76
91.533,91.633,353.29,0.76
91.556,91.656,353.29,0.76
91.58,91.68,353.29,0.76
91.603,91.703,353.29,0.76
91.626,91.726,353.29,0.76
91.649,91.749,353.29,0.69
91.672,91.772,353.29,0.69
91.696,91.796,353.29,0.69
91.719,91.819,353.29,0.62
91.742,91.842,353.29,0.55
91.765,91.865,353.29,0.55
91.788,91.888,353.29,0.62
91.812,91.912,353.29,0.62
91.835,91.935,353.29,0.62
91.858,91.958,353.29,0.55
91.881,91.981,353.29,0.62
91.905,92.005,353.29,0.55
91.928,92.028,353.29,0.62
91.951,92.051,353.29,0.62
91.974,92.074,353.29,0.62
91.997,92.097,353.29,0.76
92.021,92.121,353.29,0.76
92.044,92.144,353.29,0.76
92.067,92.167,353.29,0.69
92.09,92.19,353.29,0.69
92.114,92.214,353.29,0.62
92.137,92.237,353.29,0.62
92.16,92.26,353.29,0.62
92.183,92.283,353.29,0.62
92.206,92.306,353.29,0.62
92.23,92.33,353.29,0.55
92.253,92.353,353.29,0.55
92.276,92.376,353.29,0.48
92.299,92.399,353.29,0.48
92.323,92.423,353.29,0.28
92.346,92.446,353.29,0.24
92.369,92.469,353.29,0.15
92.392,92.492,353.29,0.09
92.415,92.515,353.29,0.06
92.439,92.539,353.29,0.01
92.462,92.562,355.33,0.02
92.485,92.585,355.33,0.05
92.508,92.608,353.29,0.15
92.532,92.632,353.29,0.32
92.555,92.655,353.29,0.43
92.578,92.678,353.29,0.55
92.601,92.701,353.29,0.62
92.624,92.724,355.33,0.76
92.648,92.748,355.33,0.89
92.671,92.771,353.29,0.89
92.694,92.794,355.33,0.89
92.717,92.817,355.33,0.83
92.74,92.84,355.33,0.83
92.764,92.864,355.33,0.83
92.787,92.887,355.33,0.83
92.81,92.91,353.29,0.76
92.833,92.933,355.33,0.76
92.857,92.957,353.29,0.76
92.88,92.98,353.29,0.83
92.903,93.003,353.29,0.83
92.926,93.026,353.29,0.76
92.949,93.049,353.29,0.76
92.973,93.073,353.29,0.76
92.996,93.096,353.29,0.76
93.019,93.119,353.29,0.69
93.042,93.142,353.29,0.62
93.066,93.166,353.29,0.62
93.089,93.189,353.29,0.62
93.112,93.212,353.29,0.62
93.135,93.235,353.29,0.55
93.158,93.258,353.29,0.55
93.182,93.282,353.29,0.55
93.205,93.305,353.29,0.55
93.228,93.328,353.29,0.55
93.251,93.351,353.29,0.62
93.275,93.375,353.29,0.55
93.298,93.398,353.29,0.48
93.321,93.421,353.29,0.48
93.344,93.444,353.29,0.55
93.367,93.467,353.29,0.48
93.391,93.491,353.29,0.48
93.414,93.514,353.29,0.43
93.437,93.537,353.29,0.43
93.46,93.56,353.29,0.37
93.484,93.584,353.29,0.37
93.507,93.607,353.29,0.28
93.53,93.63,353.29,0.32
93.553,93.653,353.29,0.28
93.576,93.676,353.29,0.32
93.6,93.7,353.29,0.43
93.623,93.723,353.29,0.43
93.646,93.746,353.29,0.48
93.669,93.769,353.29,0.48
93.693,93.793,353.29,0.48
93.716,93.816,353.29,0.55
93.739,93.839,353.29,0.48
93.762,93.862,353.29,0.43
93.785,93.885,353.29,0.43
93.809,93.909,353.29,0.37
93.832,93.932,353.29,0.37
93.855,93.955,353.29,0.37
93.878,93.978,353.29,0.37
93.901,94.001,353.29,0.37
93.925,94.025,353.29,0.43
93.948,94.048,353.29,0.43
93.971,94.071,353.29,0.43
93.994,94.094,353.29,0.43
94.018,94.118,353.29,0.48
94.041,94.141,353.29,0.37
94.064,94.164,353.29,0.37
94.087,94.187,353.29,0.32
94.11,94.21,353.29,0.32
94.134,94.234,353.29,0.28
94.157,94.257,353.29,0.28
94.18,94.28,353.29,0.28
94.203,94.303,353.29,0.32
94.227,94.327,353.29,0.28
94.25,94.35,353.29,0.24
94.273,94.373,353.29,0.13
94.296,94.396,353.29,0.03
94.784,94.884,115.2,0.01
94.807,94.907,115.2,0.01
94.83,94.93,115.2,0.01
94.854,94.954,113.22,0.01
94.877,94.977,114.54,0.01
94.9,95.0,115.2,0.01
94.923,95.023,113.88,0.01
94.946,95.046,112.57,0.01
94.97,95.07,112.57,0.01
94.993,95.093,112.57,0.01
95.062,95.162,81.46,0.01
95.086,95.186,81.46,0.01
95.109,95.209,81.46,0.01
95.132,95.232,81.46,0.01
95.155,95.255,73.42,0.01
95.179,95.279,73.42,0.01
95.202,95.302,73.42,0.01
95.225,95.325,73.42,0.01
95.248,95.348,68.5,0.01
95.271,95.371,68.5,0.01
95.295,95.395,74.7,0.01
95.318,95.418,79.6,0.01
95.341,95.441,82.41,0.01
95.364,95.464,81.46,0.01
95.388,95.488,80.99,0.01
95.411,95.511,79.6,0.01
95.434,95.534,77.33,0.01
95.457,95.557,76.89,0.01
95.48,95.58,76.89,0.01
95.504,95.604,70.1,0.01
95.527,95.627,69.7,0.01
95.55,95.65,69.7,0.01
95.573,95.673,65.41,0.01
95.597,95.697,70.51,0.01
95.62,95.72,65.79,0.01
95.643,95.743,66.17,0.01
95.666,95.766,65.79,0.01
95.689,95.789,65.79,0.01
95.713,95.813,65.41,0.01
95.736,95.836,68.11,0.01
95.759,95.859,66.55,0.01
96.549,96.649,66.55,0.01
96.572,96.672,67.32,0.01
96.595,96.695,66.94,0.01
96.618,96.718,66.94,0.01
96.641,96.741,66.55,0.01
96.665,96.765,70.1,0.01
96.688,96.788,65.41,0.01
98.453,98.553,65.41,0.01
98.476,98.576,65.41,0.01
98.499,98.599,65.41,0.01
98.522,98.622,65.41,0.01
98.545,98.645,65.41,0.01
98.569,98.669,65.41,0.01
99.103,99.203,66.94,0.01
99.126,99.226,66.94,0.01
99.149,99.249,66.94,0.01
99.172,99.272,65.41,0.01
99.196,99.296,65.41,0.01
99.219,99.319,65.41,0.01
99.242,99.342,65.41,0.01
99.265,99.365,65.41,0.01
99.289,99.389,65.41,0.01
99.637,99.737,66.55,0.01
99.66,99.76,66.55,0.01
99.683,99.783,66.94,0.01
99.706,99.806,66.55,0.01
99.73,99.83,66.17,0.01
99.753,99.853,66.17,0.01
99.776,99.876,66.55,0.01
100.287,100.387,85.31,0.01
100.31,100.41,84.82,0.01
100.333,100.433,85.81,0.01
100.357,100.457,86.3,0.01
100.38,100.48,87.31,0.01
100.403,100.503,86.8,0.01
100.426,100.526,85.31,0.01
100.45,100.55,85.31,0.01
100.473,100.573,86.3,0.01
100.496,100.596,86.8,0.01
100.519,100.619,85.81,0.01
100.542,100.642,91.44,0.01
100.566,100.666,89.35,0.01
100.589,100.689,90.91,0.01
100.612,100.712,90.91,0.01
100.635,100.735,91.97,0.01
100.659,100.759,90.91,0.01
100.682,100.782,90.91,0.01
100.705,100.805,98.0,0.01
100.728,100.828,90.91,0.01
100.751,100.851,90.91,0.01
100.775,100.875,90.91,0.01
100.798,100.898,90.91,0.01
100.821,100.921,90.91,0.01
100.844,100.944,90.91,0.01
100.891,100.991,91.97,0.01
100.914,101.014,93.03,0.01
100.937,101.037,95.21,0.01
100.96,101.06,101.45,0.01
100.984,101.084,101.45,0.01
